#{"t_start": 1736687694.305943, "env_id": "CustomHopper-source-v0"}
r,l,t
8.518368,29,0.479386
13.554889,18,0.490957
104.100183,58,0.592735
7.533125,11,0.749318
7.298764,17,0.987494
15.477396,17,1.215028
13.906461,17,1.457827
7.608956,14,1.648452
15.570152,21,1.935794
7.978039,11,2.092797
19.464102,22,2.405273
11.392636,12,2.569778
150.311269,74,3.564823
12.117211,35,4.031649
26.967254,23,4.349778
13.029076,17,4.583285
6.493848,13,4.763856
40.277141,31,5.185535
18.931972,19,5.444604
6.284666,36,5.917193
5.6478,12,6.078932
9.286073,37,6.595808
145.972419,96,7.86978
56.071896,45,8.488426
5.95609,20,8.766266
29.642984,30,9.174436
56.558337,41,9.719188
60.363397,42,10.282862
115.768956,87,11.49435
53.116146,31,11.924327
110.692046,66,12.989967
60.585372,34,13.548771
56.795537,36,14.142204
34.259469,30,14.641117
213.077337,106,16.376569
92.02213,54,17.266866
56.397781,37,17.883403
59.832456,33,18.435023
44.139407,24,18.852456
99.883471,53,19.710511
75.3705,42,20.404134
51.982436,28,20.87223
87.598258,48,24.977324
65.668122,44,25.716637
124.164957,62,26.752967
71.747495,40,27.432543
48.066983,28,27.891678
128.449334,67,29.007883
116.057152,60,29.980161
92.372059,51,30.82615
86.353908,46,31.601484
144.056236,78,32.896933
170.230491,81,34.225854
166.759616,81,35.56412
212.410856,100,37.213936
196.469878,108,38.975515
217.67666,98,40.582767
228.517073,107,42.318114
224.685834,103,43.970016
222.614563,103,45.605005
248.190838,108,47.382826
173.453875,95,48.922523
156.955437,87,50.311014
233.091414,105,52.019841
198.367405,97,53.587456
235.076894,104,55.25176
184.8163,96,60.07046
214.518458,100,61.708704
166.215535,87,63.136897
241.56095,108,64.876628
185.591682,92,66.373148
209.426139,100,67.971228
185.969448,95,69.528885
203.847357,93,71.087802
227.525201,101,72.753553
208.065097,101,74.401098
207.545195,97,76.005629
219.935917,106,77.71569
217.790499,98,79.314305
200.27604,92,80.829639
198.173798,102,82.465118
199.755448,91,83.927507
198.976418,90,85.405618
198.546345,95,86.939182
198.504374,89,88.377661
192.355764,93,89.86675
202.207506,92,91.374983
199.312238,97,96.231088
205.876031,100,97.88687
212.81812,99,99.576484
162.93206,82,100.925442
209.526015,93,102.425256
198.211288,89,103.949225
153.077945,81,105.344119
185.78344,87,106.759334
213.16451,97,108.360932
207.320459,98,109.984184
222.104097,103,111.630845
210.488002,98,113.196015
211.533894,91,114.658692
242.442809,109,116.433521
244.447006,116,118.259512
250.202708,111,120.042331
252.585375,106,121.735601
255.047027,110,123.647671
157.424703,95,125.235738
176.081101,87,126.648632
286.295507,140,132.195773
281.765754,123,134.202839
170.576569,92,135.699385
280.466754,129,137.801338
260.905278,108,139.548773
206.045438,98,141.147564
236.544852,110,142.953547
170.02583,82,144.331383
237.949999,111,146.149496
200.726766,90,147.702022
162.462194,86,149.130556
212.999697,105,150.856065
263.048345,117,152.786654
219.232909,93,154.336339
132.161778,75,155.577925
296.291801,126,157.64012
311.287742,130,159.778208
350.869822,139,162.026649
315.267437,128,167.223512
198.146917,98,168.804456
177.650765,81,170.097787
210.307877,94,171.699268
212.152315,95,173.237585
321.027079,145,175.581366
346.256239,148,178.030699
36.051016,30,178.513466
32.105198,28,178.977567
45.250108,34,179.534999
287.382467,129,181.656555
40.826652,32,182.162366
136.632377,122,184.16893
221.506707,111,186.011424
303.640223,147,188.442199
248.937717,123,190.493666
264.094318,128,192.590243
262.883381,120,194.546073
258.100238,123,196.572986
244.774957,122,201.539717
256.108937,127,203.587643
231.462709,109,205.460403
220.655249,102,207.127631
217.082548,100,208.892333
236.357658,109,210.763141
223.799795,103,212.464994
203.026135,88,213.986634
219.529312,104,215.808991
209.035064,90,217.288983
237.662675,115,219.169986
216.005869,97,220.732949
213.482929,92,222.251264
217.730828,94,223.791744
213.148891,99,225.414774
217.52918,94,226.930091
229.240196,99,228.559317
226.261502,103,230.250881
223.420324,95,231.829361
200.489963,87,233.247811
214.83635,92,237.760314
234.84926,99,239.378689
221.877279,94,240.934692
205.21634,87,242.389374
217.702517,94,243.965571
231.726846,96,245.783062
224.167144,95,247.474518
219.431141,93,248.920861
220.10773,92,250.418115
233.142795,98,252.031546
230.842006,97,253.624748
230.74723,96,255.185193
244.756309,100,256.823727
237.850246,98,258.430586
243.966819,97,260.043169
229.085655,94,261.593805
251.801638,100,263.263902
244.61865,102,264.931778
235.338484,98,266.53883
240.361589,97,268.119407
267.620854,108,272.892528
205.14926,89,274.338448
272.967767,107,276.080037
255.4002,105,277.797687
254.730586,105,279.530767
256.868864,103,281.322174
239.392995,98,282.977321
262.051175,106,284.805894
266.02251,107,286.493615
253.761254,105,288.31584
261.74456,108,289.989394
261.429799,107,291.776604
271.058234,108,293.535883
255.318874,107,295.290101
255.132197,102,296.961954
278.175306,109,298.742054
271.376836,107,300.532714
246.876128,104,302.281253
251.152111,104,303.961066
231.984267,111,308.775173
255.796084,104,310.481448
235.001696,104,312.149549
239.244265,101,313.875929
197.036497,85,315.290889
227.435377,104,317.017883
250.258627,108,318.837754
214.391456,101,320.485173
212.99887,106,322.212998
206.137773,100,323.877623
210.597339,104,325.587623
214.485933,105,327.330513
227.738566,104,329.048122
210.768903,103,330.720829
218.549702,107,332.447555
223.992143,105,334.197205
218.374266,103,335.894202
226.473771,104,337.618343
225.613538,108,342.365465
220.518058,103,344.04135
269.217712,115,345.914572
208.266386,107,347.701542
277.258039,120,349.678115
224.555846,109,351.437623
254.639109,112,353.273767
214.941956,107,355.033626
257.011311,117,356.996594
279.61458,117,358.942306
164.953222,86,360.54438
172.84404,86,361.98243
250.695799,121,364.101185
169.554351,82,365.367818
162.048978,80,366.702115
175.781951,89,368.199622
242.914835,115,370.090588
162.040568,81,371.431884
276.580523,119,373.377825
183.110933,90,377.815136
260.362672,120,379.783314
306.316264,134,381.960894
235.175306,115,383.848758
291.206088,127,385.949524
285.578152,123,387.947424
256.365444,125,389.985857
299.63168,124,392.036397
325.119533,138,394.314473
305.195608,122,396.350296
319.232663,124,398.40159
276.080823,127,400.493793
236.743615,110,402.297222
319.138544,133,404.447627
278.295287,125,406.469743
285.478153,125,408.517721
310.323856,133,413.67034
282.645479,125,415.696355
278.686592,122,417.712059
347.915085,140,420.001889
364.510187,140,422.281897
361.385575,142,424.665157
249.803527,115,426.507216
320.162828,133,428.680364
304.568679,126,431.037478
199.82165,101,432.714884
315.522044,131,434.86622
194.653489,98,436.506577
365.965361,141,438.804982
323.871038,138,441.068702
350.002099,135,443.317638
277.438121,119,448.212116
331.369383,130,450.379588
301.823725,118,452.335717
434.725574,173,455.218901
300.63803,127,457.274023
311.962681,129,459.415897
332.630236,129,461.513278
318.770224,136,463.713707
239.677848,101,465.326912
323.744719,123,467.344192
318.336221,128,469.792387
275.129273,119,471.967635
351.944478,134,474.154838
310.885327,124,476.187573
282.136473,120,478.167506
345.893293,132,483.351735
282.028981,115,485.244163
362.709411,149,487.682898
403.150573,148,490.094301
382.80391,146,492.458928
336.304214,137,494.66302
328.322572,129,496.77039
443.988945,157,499.293286
369.656461,145,501.748372
333.321649,151,504.288943
336.690277,155,507.007525
320.864025,129,509.11227
3.164165,31,509.645781
375.991465,144,512.06231
337.360159,149,514.654124
67.199336,70,518.78494
63.028894,62,519.783064
57.85407,68,520.888743
7.616125,33,521.41413
416.814666,169,524.152468
29.932738,57,525.085867
434.548875,211,528.540327
17.140389,43,529.228034
4.247668,32,529.757073
11.320304,38,530.376759
445.944648,195,533.540703
483.353421,195,536.720021
381.764488,180,539.640375
412.656563,191,542.848138
258.195326,119,544.786153
338.301532,155,547.305029
374.305975,161,549.922416
297.981596,116,554.766017
357.079516,146,557.168613
353.113676,143,559.477101
64.565462,45,560.211262
72.669187,51,561.043213
66.323823,46,561.773249
75.09493,51,562.60293
74.605098,52,563.448011
76.085315,53,564.31033
379.73029,220,567.848731
350.483828,196,571.050875
638.909624,402,577.53387
328.771942,131,579.651346
419.063113,156,582.280283
367.837352,140,584.685416
351.38663,132,589.88928
345.374746,135,592.012008
366.144818,135,594.156398
370.419206,142,596.478188
357.328368,141,598.693897
223.003795,101,600.309237
303.519925,131,602.385027
380.869163,147,604.736594
399.867976,151,607.125218
373.043793,145,609.428972
302.794173,121,611.347991
397.533274,161,613.915124
344.220494,138,616.17628
368.797524,145,618.533573
425.557399,161,621.099187
203.282871,96,626.156326
428.765864,176,629.014592
371.105417,167,631.712386
456.524365,177,634.611345
370.796365,173,637.412138
335.581945,176,640.249127
298.00357,168,642.964939
586.474968,266,647.204967
494.027197,200,650.430984
581.227089,219,653.95005
816.196789,379,663.12112
547.28528,188,666.127684
328.459112,137,668.386358
496.895708,186,671.430231
605.453348,227,675.092685
281.067013,127,677.165277
353.841613,140,679.418334
485.102434,180,682.314542
474.838411,167,685.050208
487.687081,174,688.028112
347.98267,140,690.246092
489.546943,183,696.345654
698.893259,255,700.465927
290.823481,120,702.424568
408.232705,183,705.422843
513.827391,201,708.648569
303.848926,124,710.641487
309.802866,130,712.70976
421.542056,153,715.164435
504.864579,192,718.238756
501.524231,189,721.512379
570.206841,195,725.316977
443.644086,156,731.166134
304.888657,129,733.201454
316.201656,126,735.232592
449.227274,178,738.101543
394.756651,184,741.071766
653.323871,250,745.160276
341.379017,136,747.363334
48.995347,30,747.858317
481.190559,180,750.760828
289.397715,131,752.888307
619.02582,227,756.542386
289.20377,124,758.543659
485.403452,168,761.243716
292.07175,146,766.754713
303.880285,124,768.767378
480.181759,187,771.766888
505.165621,207,775.137395
467.409989,192,778.311699
427.298856,154,780.757226
381.194444,142,783.091372
507.018771,192,786.184077
519.751666,224,789.769838
357.813684,147,792.165452
472.6158,163,794.764552
540.835576,185,797.748169
505.364514,187,803.933044
404.75508,149,806.369269
473.99697,186,809.546704
438.894988,152,812.021346
497.579104,174,814.900038
553.657781,197,817.991294
337.764387,137,820.185046
469.447388,178,823.113524
477.480156,167,825.788085
307.998257,137,827.994117
484.147204,175,830.863764
583.664953,210,837.467522
524.274584,194,840.64143
334.810042,137,842.838272
495.413823,170,845.578656
491.195247,173,848.37042
380.754723,136,850.542661
353.179494,140,852.767726
393.996183,137,854.988705
440.276291,153,857.484972
391.880572,141,859.767486
411.275675,153,862.203166
367.933227,136,864.403557
314.828716,125,866.450643
339.888391,129,868.53382
441.52156,160,874.345267
402.802095,143,876.670874
448.282689,155,879.200913
432.109057,151,881.652548
502.151242,169,884.456931
514.942066,174,887.368524
483.132881,164,889.943969
146.535728,72,891.081537
150.669854,74,892.284043
382.730507,140,894.533961
398.51829,142,896.878868
504.91003,175,899.654989
562.241969,198,902.836125
535.620519,180,909.116472
287.177095,123,911.124612
501.736611,173,913.930101
519.943617,174,916.795641
443.046075,155,919.25798
603.421787,202,922.621995
587.788,202,926.03839
508.781756,173,928.735404
477.149325,179,931.623099
543.257563,180,934.50633
469.847658,175,937.3147
514.002836,175,940.109131
490.783475,176,946.366745
320.179814,134,948.546255
579.855054,198,951.784685
460.747409,159,954.433438
469.19748,160,957.039202
556.461792,182,960.048036
541.677807,176,962.88639
277.490042,121,964.825127
271.018456,117,966.829172
470.566394,180,969.934908
435.856589,152,972.264387
519.28444,180,975.15806
483.054125,200,981.444383
274.561473,127,983.544717
573.626716,248,987.616468
447.108718,208,990.985347
441.827053,188,994.050098
308.2237,127,996.117508
422.42296,157,998.780502
370.311194,147,1001.109727
587.422287,220,1004.656999
450.031579,160,1007.224734
464.081965,176,1010.016784
479.979942,176,1016.192717
294.061991,122,1018.191046
272.692583,121,1020.220007
488.327488,181,1023.266345
413.25333,161,1025.966068
298.512428,116,1027.891107
505.753992,187,1031.047581
264.110588,120,1032.990581
285.746479,121,1034.91186
464.487772,173,1037.727063
281.237511,120,1039.665226
272.243164,115,1041.527739
277.33468,112,1043.400504
396.627046,151,1045.841671
275.856589,116,1050.81568
272.670681,123,1052.814708
430.311302,168,1055.555143
252.023519,110,1057.334393
300.356621,126,1059.407355
258.258214,109,1061.183452
417.513062,155,1063.722741
569.52819,205,1067.063817
625.01629,221,1070.640543
276.411255,119,1072.533484
526.208398,202,1075.768368
424.578721,152,1078.222339
288.124932,123,1080.268169
477.644223,163,1086.162756
348.312631,126,1088.231786
343.629226,131,1090.377651
328.116863,123,1092.435977
302.88601,127,1094.481062
341.701993,140,1096.830448
217.029727,97,1098.448265
335.330782,128,1100.581444
336.859124,137,1102.823374
334.452968,137,1105.028316
346.42497,132,1107.14142
340.67937,127,1109.356023
334.965318,135,1111.642138
343.548416,139,1113.822736
382.854681,138,1116.02812
331.96768,131,1121.270969
358.709363,132,1123.414299
366.180896,142,1125.74591
329.712765,136,1127.968651
371.370938,135,1130.194131
354.357942,135,1132.388711
345.11798,137,1134.622234
460.629839,157,1137.177775
337.967636,138,1139.420326
369.179053,142,1141.709495
549.015047,201,1144.922014
484.132581,175,1148.171099
530.900103,203,1151.718894
372.603259,134,1157.351955
244.145651,116,1159.201102
456.662632,163,1161.908512
658.899599,260,1166.228779
369.491297,135,1168.45999
439.46417,191,1171.622684
228.625265,105,1173.326611
399.758332,147,1175.826859
688.893446,234,1179.680633
610.226983,208,1183.200446
235.853423,110,1184.99445
383.363142,139,1187.401627
491.183961,175,1193.520822
623.224163,214,1196.982262
592.008877,204,1200.366184
449.503981,159,1203.014503
630.377041,204,1206.359048
481.504105,178,1209.272009
534.371645,183,1212.228517
485.495668,169,1214.968407
600.812521,212,1218.403561
470.528911,176,1221.226778
487.311348,171,1224.06104
459.909306,166,1230.157439
736.817732,257,1234.46319
556.115187,199,1237.728159
491.928384,171,1240.532473
668.717283,224,1244.233743
732.666034,244,1248.205658
561.626848,200,1251.43852
660.520875,224,1255.071696
646.403306,236,1258.937677
597.442668,203,1265.616429
700.399378,249,1269.723339
672.3025,243,1273.72536
208.317072,112,1275.587013
313.27876,130,1277.744455
412.85233,147,1280.147626
458.091507,155,1282.677302
440.430911,148,1285.128008
318.979008,135,1287.343099
204.151766,110,1289.161115
801.353883,279,1293.705227
318.027511,121,1299.031733
201.033559,108,1300.843245
204.477777,110,1302.688173
211.215696,119,1304.661415
205.500822,111,1306.499524
218.557248,116,1308.457098
211.672266,116,1310.383358
210.781332,111,1312.216354
218.967157,119,1314.234592
41.131603,33,1314.778524
330.151561,141,1317.091158
36.465098,30,1317.575113
36.393019,30,1318.080956
54.829645,40,1318.778368
335.393893,143,1321.096455
58.467917,42,1321.759172
55.777412,41,1322.447903
39.440285,32,1322.972281
461.524789,207,1326.378876
794.258791,300,1334.602542
387.246744,178,1337.589232
803.242256,271,1342.113933
443.545665,150,1344.706557
940.628699,313,1349.901125
285.641449,112,1351.767168
611.082333,224,1355.429492
1151.620919,405,1362.087893
179.170463,91,1363.592424
267.821838,126,1365.701092
703.669383,243,1373.092541
443.24859,182,1376.539395
395.894566,135,1378.884018
427.076002,143,1381.415695
675.332832,246,1385.525011
471.429495,157,1388.098444
453.965039,149,1390.546958
504.131891,164,1393.489451
671.643643,218,1397.134657
209.531463,99,1398.775744
615.652561,206,1405.643312
731.959633,241,1409.811451
476.028274,161,1412.518575
535.680473,173,1415.470193
471.823533,157,1418.140824
904.199119,279,1422.856348
933.671057,297,1427.860476
572.030093,187,1431.011142
585.932591,189,1434.199112
515.383592,176,1437.171325
580.549265,184,1443.266798
551.408547,173,1446.181096
503.860952,163,1448.942637
614.078122,199,1452.278799
757.95398,248,1456.422596
520.646058,167,1459.27884
495.100836,160,1461.978211
593.275108,187,1465.155828
771.26373,251,1469.38489
539.674127,175,1472.30749
531.711459,167,1478.08262
784.819301,252,1482.447763
526.408788,172,1485.453026
719.287651,240,1489.6843
560.442115,182,1492.752708
749.772805,248,1496.88645
614.692787,194,1500.211625
550.212175,179,1503.289845
563.777992,179,1506.291193
581.464002,195,1512.534333
524.095682,171,1515.438958
526.113388,173,1518.499637
508.405228,170,1521.359024
545.202773,177,1524.396286
555.292035,179,1527.356113
548.095632,179,1530.35851
822.271998,254,1534.550212
499.178141,171,1537.414627
791.526312,259,1541.725579
529.065746,172,1547.859564
851.225701,269,1552.407627
573.955641,178,1555.422743
541.826534,178,1558.460332
967.991905,327,1563.857337
973.325405,307,1568.942766
561.918752,176,1571.869962
543.789383,177,1574.792216
824.013889,284,1582.819451
535.405063,171,1585.965631
669.574894,220,1589.744348
868.126443,276,1594.41823
571.520888,178,1597.388628
539.835904,177,1600.299548
584.316487,182,1603.323313
872.520195,303,1608.343424
519.066327,170,1611.181378
604.282895,197,1617.736827
583.980811,187,1620.90706
684.227348,245,1624.996985
553.836058,171,1627.853634
527.587592,173,1630.823709
592.833126,190,1633.980245
823.732227,249,1638.122209
578.823194,186,1641.21156
814.13145,265,1645.636934
548.374426,179,1648.653722
895.831142,279,1656.620939
630.315647,207,1660.119002
684.348281,223,1663.864579
646.951443,211,1667.39607
618.429513,192,1670.555784
434.137592,164,1673.223266
535.204086,201,1676.558605
512.316627,205,1680.014436
583.81147,189,1683.12805
969.203334,301,1691.518812
749.668252,250,1695.766402
418.597618,161,1698.497328
594.783736,190,1701.639824
674.321233,227,1705.436768
393.832774,149,1707.933431
648.065778,195,1711.303536
581.197991,182,1714.382097
612.273856,199,1717.674298
574.009638,182,1724.061223
620.059339,197,1727.404289
630.831637,206,1730.870082
579.68341,183,1733.952097
680.919438,223,1737.684897
772.198607,257,1741.979898
607.286839,188,1745.054127
632.079671,197,1748.360554
811.817841,281,1753.026353
628.659379,201,1759.765462
639.406358,204,1763.167616
607.861009,185,1766.284395
495.087173,172,1769.174469
631.340035,204,1772.655207
578.927947,178,1775.676486
744.927723,242,1779.693251
867.512466,276,1784.331597
1060.878387,358,1790.462169
601.098696,200,1797.09161
571.004098,175,1800.076066
481.35171,182,1803.145896
676.264532,213,1806.725309
1100.326499,336,1812.29933
589.92614,182,1815.299217
709.823163,220,1818.926882
1027.636451,328,1824.388453
1122.999456,354,1833.660444
690.383707,237,1837.5986
959.351772,308,1842.808455
703.212541,231,1846.694352
945.211698,328,1852.115297
814.388133,249,1856.242749
1006.57132,321,1861.604662
801.65682,283,1869.706172
1455.692196,500,1878.084226
1051.885249,328,1883.495378
823.663107,269,1887.959686
732.063184,231,1891.791019
1285.185223,422,1902.147881
730.260238,269,1906.658259
681.649821,269,1911.184173
1246.234437,408,1917.985524
1539.35535,483,1925.946641
1306.032751,444,1933.30903
1249.527507,432,1944.185615
1296.124302,500,1952.664997
1088.556049,363,1958.671341
1029.967608,348,1964.454577
1070.591874,385,1974.218143
1060.705673,328,1979.715501
1524.58391,500,1987.982953
875.497058,279,1992.605351
1475.888575,500,2000.798189
1050.420462,374,2010.587074
1511.280147,500,2018.891361
1232.606946,411,2025.680674
1565.452639,494,2033.84261
1021.892658,322,2039.245991
1467.663595,500,2051.068696
1452.854249,500,2059.351607
1430.507511,444,2066.693282
1488.343477,500,2075.037023
803.856257,245,2082.539432
923.23011,309,2087.929124
1034.584298,323,2093.439239
1303.854935,391,2100.000739
1509.10103,500,2108.280704
859.849886,271,2116.249612
1565.87695,500,2124.922145
827.108347,259,2129.246504
1548.683031,500,2137.575017
1588.098233,500,2145.94713
1209.612771,374,2155.661286
1502.397779,500,2164.092457
1369.385907,436,2171.360625
1471.521086,500,2179.687163
1488.919583,500,2191.438795
1429.878793,472,2199.380774
1514.517188,500,2207.650988
1412.029334,500,2215.906183
942.141836,288,2224.111947
1196.76757,369,2230.332078
1527.63489,500,2238.763711
783.533642,242,2242.829991
808.365031,258,2247.106826
1548.92401,500,2258.757328
1518.171426,468,2266.654202
1520.748212,500,2275.043192
1460.976631,500,2283.818824
1445.630833,500,2295.500272
1566.889664,500,2304.096696
1179.404372,386,2310.851848
1502.437314,500,2319.228154
1160.321551,377,2325.511512
1471.411285,466,2336.562293
1487.91685,500,2345.010727
1410.092016,500,2353.305214
1502.85261,500,2361.613937
884.894721,282,2369.699008
1429.633241,500,2378.117272
1524.558738,500,2386.522494
1484.566501,500,2394.997003
1458.208186,500,2406.604801
1483.576604,464,2414.44837
1505.099932,500,2422.792168
1147.318428,369,2428.914017
1407.302061,500,2440.61116
1387.205877,500,2449.117612
1461.103954,500,2457.472503
1196.244485,366,2463.579496
1422.134527,500,2475.143595
1135.464015,416,2482.58957
1488.435402,500,2491.005504
1504.101055,500,2499.392158
1427.260442,500,2511.006864
1557.329212,500,2519.477314
915.652657,282,2524.196307
1434.256474,500,2532.527547
1470.973712,500,2544.128807
1432.264281,460,2551.929741
1506.914524,500,2560.413929
1525.094367,500,2568.69765
1473.026679,500,2580.365204
1016.449374,365,2586.511151
1463.279959,438,2593.85673
1324.160718,401,2600.593127
1527.276604,500,2609.040551
1336.521743,471,2620.277058
931.798925,281,2625.066622
1080.837932,322,2630.47903
1233.076182,363,2636.493502
1190.719385,353,2642.313874
834.464817,252,2649.878727
1454.683855,500,2658.315553
1552.6189,500,2666.685774
491.671129,211,2670.178943
1541.442558,458,2677.762718
807.466098,242,2685.141441
1189.809483,355,2691.241741
849.50178,252,2695.489689
1162.894371,358,2701.540649
1183.196685,357,2707.725175
918.603561,278,2712.444443
776.676965,245,2716.605232
1560.243327,500,2728.098087
785.493054,238,2732.169129
976.49063,299,2737.268189
1310.58581,382,2743.815611
937.814807,286,2748.729501
931.14545,276,2756.369632
1383.947122,416,2763.415634
1177.391283,354,2769.55095
1154.397252,342,2775.403503
1393.156062,424,2782.663615
1427.832547,431,2792.962008
1369.846438,500,2801.425639
1110.941082,330,2806.919278
1463.400576,500,2815.245779
1060.795137,319,2820.603696
1158.691126,340,2829.536889
987.722343,297,2834.52831
943.593602,283,2839.280957
1481.087408,500,2847.724647
1030.57815,306,2852.789995
910.006037,282,2857.515928
842.20475,259,2865.230366
1077.596037,318,2870.673161
1423.514098,432,2877.975133
1116.313002,335,2883.560811
972.047107,287,2888.397111
975.921699,300,2893.490956
1546.156289,500,2905.131582
1461.494265,440,2912.705461
1575.037162,500,2921.006323
1516.133219,500,2932.624705
872.806065,270,2937.192058
1186.867767,362,2943.256175
1542.934484,448,2950.651925
514.816581,174,2953.5535
1453.569687,500,2961.865568
581.959228,182,2968.227418
1197.982818,372,2974.474976
1561.546976,500,2982.838443
745.857905,230,2986.745662
483.975908,161,2989.604281
428.721614,149,2992.091535
1132.541849,354,2997.967718
1609.854804,500,3009.711755
813.131046,256,3013.987337
1024.459519,313,3019.225335
1512.057396,500,3027.477683
1528.378977,500,3039.208921
1070.62642,324,3044.683322
620.817445,204,3048.120707
1628.857766,500,3056.451505
1528.551891,471,3064.318912
1457.665173,500,3076.058465
664.672869,214,3079.648474
1540.52654,500,3088.026329
1540.945296,500,3096.242007
1638.042124,500,3104.562554
1478.663506,500,3116.36112
1137.497786,336,3121.963015
1492.247979,500,3130.264982
1495.948355,500,3138.558303
1467.184554,500,3150.34901
1310.402478,416,3157.329303
1528.276584,500,3165.602269
1435.522978,500,3174.243241
1486.03993,500,3186.564724
1496.036508,500,3195.000186
1275.985654,387,3201.438286
1572.531469,500,3210.011681
1398.073718,422,3220.539754
1223.616378,370,3226.761531
1545.958192,500,3235.001104
1562.415822,500,3243.273221
1586.899855,500,3255.002465
1542.855292,500,3263.422031
1452.163496,421,3270.399802
1391.020314,412,3277.260676
1134.24911,341,3282.880987
1080.373724,319,3291.775184
1355.428202,390,3298.225149
1203.907388,354,3304.065382
1330.841718,379,3310.337978
1334.912281,396,3316.922213
1138.923918,337,3326.051886
1341.537521,388,3332.522331
1459.039245,430,3339.715325
1156.088601,344,3345.438612
1346.391297,396,3351.993163
1652.523272,480,3363.419695
1578.586743,500,3371.775215
1302.028858,384,3379.443625
1151.211484,343,3387.253884
1119.88546,341,3397.230283
1412.299819,414,3404.297896
1026.991932,303,3409.326617
1657.224215,495,3417.491832
1645.961725,486,3425.611034
1187.164562,364,3435.153022
1584.920099,500,3443.725233
1579.389575,500,3452.081818
1598.611033,500,3460.513916
1602.246049,500,3472.383123
1251.573548,363,3478.449771
1331.19171,392,3484.971199
1206.955222,367,3491.190145
1518.054814,500,3502.893874
1546.779226,500,3511.306836
1114.349076,336,3517.223111
1581.585186,500,3525.486594
1692.324339,496,3533.72708
1558.152069,500,3545.68746
873.448308,269,3551.121122
767.629336,237,3555.939595
1145.257396,329,3561.554664
1276.484216,373,3567.735616
1528.63332,500,3579.430967
1104.29449,321,3584.828797
1561.238477,500,3593.520653
1587.109888,500,3601.726188
1711.648974,500,3613.339885
1245.501141,356,3619.338225
1552.840418,448,3626.844786
1237.241676,352,3632.671453
1598.674777,500,3640.931285
932.922717,275,3648.915785
1039.513504,309,3654.188497
839.209475,258,3658.575087
949.865911,275,3663.197459
803.110015,239,3667.144233
1133.451175,340,3672.757376
1597.099191,500,3684.320767
1149.093364,349,3690.209359
1123.703062,329,3695.769121
1047.907717,310,3700.946783
1132.226985,345,3706.676088
955.243023,274,3711.236008
1064.346211,320,3719.967432
1159.083071,356,3726.022697
1323.216798,389,3732.619457
1350.321499,396,3739.169657
1561.982683,500,3747.536615
1105.140606,318,3756.224966
1139.861136,340,3762.012832
1110.576152,330,3767.578788
1149.128751,355,3773.563751
1560.900695,500,3781.942971
1501.32443,500,3793.670019
1550.4383,500,3802.277357
1140.646724,351,3808.137198
1530.17145,500,3816.590585
1578.974694,500,3828.349135
1544.233539,500,3836.763945
1149.674851,330,3842.238191
1089.860528,333,3847.847915
1567.246333,500,3859.542934
1099.624641,327,3865.165821
1412.005197,423,3872.350857
1145.7484,350,3878.179853
1669.50977,500,3886.557307
146.283732,73,3887.82047
1609.76759,500,3899.650989
1150.378538,334,3905.31907
1569.08604,500,3913.618565
1540.709302,500,3921.914322
1569.538847,500,3933.804629
1332.38589,410,3940.962867
1092.331293,339,3946.641784
1586.579832,500,3955.009463
1035.673815,312,3960.404594
1201.751493,346,3969.649339
1158.16384,360,3975.67945
1101.302983,326,3981.24196
1141.903815,345,3987.08768
1534.182583,500,3995.556486
1299.190703,376,4004.957872
1023.316537,324,4010.452528
475.521147,175,4013.41401
266.126948,116,4015.395739
607.40169,203,4018.868774
1064.121459,326,4024.403947
1137.632608,349,4030.333686
1232.608886,362,4039.605705
1609.848309,500,4048.091501
1375.864009,420,4055.305465
861.275176,268,4059.841118
1531.120708,500,4071.287563
1344.88861,414,4078.376107
1467.920945,432,4085.958194
1114.87017,339,4091.858112
1061.430933,319,4097.295909
1164.508187,346,4106.442678
1115.832316,337,4112.358497
1563.330765,500,4120.908611
1709.644678,500,4129.209287
1671.266304,500,4137.640589
1304.404175,391,4147.608935
1561.096249,500,4156.000238
1577.926509,500,4164.332858
1603.852226,500,4172.648805
1440.819609,425,4183.010984
1399.572686,423,4190.31673
1493.202326,441,4197.754608
1185.442344,345,4203.627233
1345.764413,407,4213.733158
1175.014221,357,4219.740403
1261.115398,372,4225.975056
1129.396755,344,4231.661009
1280.096202,373,4237.909654
1130.989321,346,4243.708668
1222.242589,358,4253.142601
1617.922986,489,4261.309316
1581.991202,500,4269.621526
1548.633246,500,4278.060632
1115.817705,339,4287.153098
1466.696774,444,4294.779186
1196.896181,365,4300.864958
1691.30473,500,4309.197965
1587.883525,500,4321.099574
1575.780048,500,4329.705445
1447.843755,427,4337.52714
1264.021771,384,4344.075405
1417.618022,423,4354.579307
1497.998426,500,4363.013219
1095.567611,336,4368.618305
1655.051101,500,4376.920984
1154.454876,354,4382.91839
1627.042225,500,4394.647849
1150.148094,348,4400.497713
1176.304946,354,4406.397537
1175.015773,353,4412.37979
1219.786936,378,4418.71077
1055.462434,339,4427.899505
1167.342391,350,4433.898487
1315.744247,382,4441.069065
1558.117821,500,4451.383495
1583.578039,500,4464.904577
1182.846175,346,4485.151495
1195.891969,362,4512.430704
1145.281601,339,4522.507828
1397.622581,421,4536.148107
1403.554332,426,4544.512427
1456.337184,437,4553.457793
1130.285996,346,4560.781452
1070.663724,322,4570.86449
1110.963424,337,4576.880149
1120.961464,346,4582.780561
1596.086489,500,4593.028417
1617.115099,484,4606.302687
1167.800615,344,4613.889533
1253.157112,378,4621.96853
1262.872577,385,4628.700946
1651.824009,493,4640.942695
1561.548273,457,4649.754514
1134.456143,343,4656.993188
1479.261167,424,4664.848798
1500.482461,432,11865.005094
1216.958937,368,11882.168561
1654.402772,500,11887.171057
1179.551819,344,11890.210305
1664.49283,500,11894.881968
1653.434506,478,11899.26106
1129.979136,349,11902.519645
1161.820691,338,11907.039665
1284.693716,381,11909.202278
1349.578349,391,11912.751395
1700.353793,500,11917.31839
1539.476964,452,11921.510337
1185.321385,346,11924.76179
1203.232478,364,11928.153074
1705.327235,500,11932.664876
1621.634451,460,11936.920879
1154.622517,342,11942.167442
1158.277493,337,11943.411381
1391.689451,405,11946.765849
1202.988045,356,11949.990352
1552.488003,455,11954.161578
1692.013397,500,11958.748826
1203.175809,350,11961.91258
1619.786665,461,11965.100949
1166.675981,340,11966.126512
1176.733614,343,11967.176116
1309.407714,374,11967.942803
1160.325675,347,11968.591178
1410.911787,421,11969.457086
1646.328949,477,11970.526754
1229.58177,355,11971.245426
1663.409051,500,11972.178817
1159.526167,353,11972.914804
1444.886906,416,11973.823036
1566.887042,452,11977.601417
1191.339219,355,11977.99332
1256.733583,362,11978.339282
1457.616215,434,11978.734315
1183.904607,345,11979.04077
1271.256966,378,11979.437271
1187.665744,348,11979.830317
1189.912831,345,11980.349179
1278.410024,380,11980.878
1525.877811,436,11981.461609
1627.094736,500,11982.204957
1426.663225,425,11983.014735
1610.402806,500,11984.009308
1162.445903,345,11984.69047
1152.221329,341,11985.389083
1125.774102,336,11986.007011
1250.152912,375,11986.754937
1250.527551,361,11987.537383
1144.842398,349,11988.284603
1180.289386,343,11988.997367
1187.536354,345,11989.631958
1307.473982,372,11990.370307
1143.50892,349,11991.184421
1443.848649,420,11992.049387
1164.621829,344,11992.737371
1449.721141,431,11993.557601
1670.32238,486,11994.554376
1165.589027,344,11995.34662
1645.512215,477,11996.284013
1438.440717,427,11997.086017
1465.345069,426,11997.995197
1259.839995,359,11998.803504
1550.957487,460,11999.750356
1189.132809,351,12000.409173
1175.315051,345,12001.071536
1259.252048,361,12001.819875
1179.690379,359,12002.627042
1229.232053,372,12003.434378
1491.84274,436,12004.216264
1154.314674,347,12004.935286
1471.217222,427,12005.877623
1558.529962,447,12006.818607
1179.610085,344,12007.517664
1206.466746,366,12008.164616
1139.607797,348,12008.885535
1652.126171,468,12012.740005
1414.260909,410,12013.196652
1551.588484,444,12013.674175
1504.574473,431,12014.139588
1425.144922,409,12014.492237
1418.074273,422,12014.939018
1553.312896,451,12015.447895
1687.77297,500,12016.08498
1450.003051,432,12016.716264
1416.536437,401,12017.395805
1704.21713,500,12018.214345
1144.617885,346,12018.858063
1431.942558,425,12019.694947
1145.317786,351,12020.470615
1582.945064,466,12021.405607
1490.193293,445,12022.261774
1193.594505,350,12022.955275
1444.800736,429,12023.916685
1643.944673,467,12024.868762
1562.370597,447,12025.751591
1154.937062,340,12026.423399
