#{"t_start": 1736677674.4803379, "env_id": "CustomHopper-source-v0"}
r,l,t
13.700098,21,0.446113
32.083968,29,0.46646
14.597669,17,0.47572
6.861964,11,0.482095
19.699366,38,0.747273
9.000728,15,0.953449
12.038491,17,1.194181
15.326145,21,1.479198
70.649161,58,2.292482
11.1318,34,2.895269
23.580125,32,3.346063
26.247549,29,3.742648
74.325687,41,4.301453
23.990757,42,4.871852
18.156495,41,5.411386
190.017446,139,7.507967
1.287577,24,7.910142
11.96221,35,8.48983
86.77735,47,9.242609
3.683485,25,9.656653
91.251663,79,10.998206
5.595114,34,11.481998
13.673298,37,12.19139
10.213577,36,12.853813
90.29068,63,14.012309
111.435112,59,15.024407
115.923957,87,16.380358
177.799279,117,18.297477
109.044748,60,19.252234
182.628833,112,21.233515
113.050816,63,25.682481
224.912095,111,27.499125
199.409948,97,29.120181
236.155352,103,30.801077
131.537655,68,31.909275
260.201141,120,33.877061
199.35449,92,35.391748
177.839955,85,36.784334
114.225989,67,37.856843
148.613782,73,39.06885
117.114202,62,40.079838
197.465995,96,41.697317
211.209378,90,43.164256
246.450486,107,44.903705
250.96899,108,46.678953
253.027757,114,48.521753
267.815243,111,50.320996
240.441366,103,52.005081
229.062452,102,53.70228
220.30073,96,55.259079
221.270504,97,56.846882
218.185264,97,61.450906
214.769002,95,63.020267
196.919386,98,64.655699
196.867527,96,66.206558
183.787883,92,67.729663
232.01596,100,69.390115
227.639177,102,71.046761
228.318852,101,72.669539
239.541713,112,74.505264
242.03572,104,76.189575
246.772604,101,77.861581
229.776189,103,79.546277
271.962859,116,81.444944
232.270873,96,83.029402
253.219985,103,84.723407
241.115727,116,86.605532
221.782324,96,88.15956
231.669793,104,89.8668
250.619759,117,91.781919
264.056518,124,96.802524
268.13821,126,98.849754
291.164583,120,100.811855
278.875719,127,102.897143
293.70042,123,104.895202
285.145637,124,106.928281
296.387362,123,108.950042
291.946119,137,111.192929
278.570431,116,113.093468
271.204981,128,115.200412
25.070931,24,115.594254
284.799912,121,117.562522
280.098623,128,119.61344
266.880742,111,121.422628
291.207318,136,123.660785
278.415644,119,125.583729
274.058772,135,127.861623
292.933795,124,132.82198
281.68928,133,135.006296
276.078692,127,137.082185
251.61847,112,138.909516
243.659299,120,140.874388
286.257899,123,143.067213
262.424736,121,145.10375
267.604157,123,147.099849
263.041531,134,149.360361
275.550691,114,151.199231
258.437248,107,152.942393
253.854435,107,154.690234
247.704017,104,156.383646
253.188653,106,158.114318
258.846763,109,159.894229
276.848327,112,161.738176
353.547547,140,166.973558
482.546332,184,170.013166
338.610593,133,172.208537
294.146539,118,174.165214
317.497036,137,176.388192
382.629738,187,179.445586
266.264866,117,181.332629
261.274167,113,183.191952
277.256422,115,185.067011
68.956586,56,186.116065
242.396655,99,187.957942
248.133114,101,189.600453
245.751023,99,191.288948
243.511696,97,192.798244
254.741389,108,194.503556
309.960919,137,196.704788
245.653378,103,198.359547
267.512812,105,203.220539
263.539478,105,204.938694
271.829632,106,206.662184
269.185422,106,208.462532
319.107086,116,210.34475
287.230548,110,212.158715
223.390838,96,213.736294
216.607197,91,215.101137
214.380895,90,216.581617
303.905061,113,218.416405
214.527093,92,219.885922
330.408541,127,221.949129
215.683571,93,223.462557
233.256598,99,225.020267
367.013315,133,227.174765
236.482491,97,228.720057
220.990705,95,230.244171
315.769265,124,232.261259
242.152003,101,233.853137
359.272046,133,239.581766
287.2513,120,241.526062
348.617787,132,243.658552
269.488635,114,245.500777
307.409256,122,247.463823
315.166624,122,249.449742
282.022913,114,251.291386
268.153041,111,253.059106
303.756496,125,255.032346
267.332716,109,256.808647
272.354955,111,258.5916
276.953033,113,260.422215
270.164863,113,262.268794
271.268295,110,264.037424
219.223522,114,265.868518
223.057239,132,267.988395
227.052293,129,273.532259
222.222239,124,275.584101
214.267892,106,277.312111
228.451164,119,279.239655
276.146131,111,281.035239
273.434269,113,282.875738
260.281637,118,284.810308
276.276171,113,286.629323
278.400556,111,288.514921
281.366699,112,290.398317
259.178092,117,292.356094
250.37572,111,294.162297
263.829234,117,296.006528
257.149418,116,297.902839
269.738287,116,299.94568
281.742067,113,301.694598
270.462517,115,303.555696
287.383395,116,308.857326
300.658756,123,310.878693
284.562711,135,313.07278
312.874468,140,315.487721
305.762464,124,317.629681
181.283328,98,319.244112
307.181313,135,321.391542
277.206502,119,323.328574
200.786821,121,325.288238
325.618342,151,327.725911
210.567164,130,329.800616
194.428083,114,331.594451
276.45116,124,333.616138
338.836601,142,335.910529
178.17318,105,337.629352
247.292459,118,339.525425
308.065903,134,345.103937
256.1987,108,346.873911
327.713062,142,349.131184
281.644385,124,351.164293
331.537606,150,353.612322
286.617768,131,355.718604
297.093641,141,358.008689
334.197263,170,360.694747
293.957157,135,362.872175
330.271526,149,365.250101
299.21264,145,367.593261
310.218162,151,369.986498
292.522963,132,372.123563
310.000421,128,374.172596
313.579917,139,376.487479
326.611188,133,382.072286
264.499172,114,383.932015
278.60476,114,385.778579
282.555881,122,387.753249
281.585438,123,389.753962
266.965683,118,391.656275
290.622551,120,393.586275
242.83162,108,395.323783
295.400019,123,397.460354
253.033286,109,399.215882
212.072098,96,400.746229
239.687243,105,402.428488
250.615055,113,404.236377
215.891575,97,405.833281
230.712227,103,407.47416
194.589885,94,409.010727
161.041849,82,410.354131
249.661825,115,412.228177
215.008689,99,417.228707
214.393549,99,418.880836
168.469321,83,420.202732
257.320627,112,422.015897
174.417312,89,423.482806
242.875287,107,425.20446
283.318242,126,427.239443
222.785365,107,429.042064
242.035191,105,430.712578
230.794744,103,432.360346
257.683162,113,434.156109
268.336219,120,436.103566
287.175938,128,438.119607
193.77652,99,439.729091
272.7376,115,441.596347
58.759559,33,442.144447
299.661875,134,444.782898
263.401262,120,446.890944
193.39919,98,452.025283
300.223755,127,454.007426
291.308149,127,456.067907
284.929149,123,458.074298
197.266362,102,459.694005
289.290129,127,461.750665
298.90532,128,463.807746
306.531096,144,466.107953
303.667273,129,468.176829
301.173255,130,470.268857
305.147444,133,472.399351
293.323381,119,474.315976
302.665846,131,476.399844
292.953719,154,478.887854
281.204833,116,480.741173
299.28227,126,482.79109
305.637018,128,488.24411
316.643328,136,490.578835
306.348167,127,492.970912
313.892689,129,495.111659
314.638191,132,497.271381
310.354093,130,499.372786
310.716412,130,501.490834
321.016771,132,503.610858
308.230763,128,505.692573
306.056496,126,507.742785
307.332535,129,509.80112
307.988776,128,511.903825
313.943065,128,513.955312
288.7362,118,515.880816
311.760251,127,517.936192
305.472722,134,523.513723
374.616752,225,527.190488
307.02024,160,529.821619
307.416231,126,531.835666
302.827011,155,534.318822
284.310201,121,536.258639
299.010527,127,538.263732
302.226377,123,540.288828
357.09419,207,543.712535
329.431342,176,546.553044
318.410219,146,549.003125
354.361593,166,551.694195
310.218154,169,554.461123
324.738677,174,560.661469
338.98985,181,563.577268
353.337937,209,566.98626
357.112116,192,570.100272
85.980061,55,571.013559
349.639648,151,573.540991
309.273051,161,576.117841
12.244992,28,576.569878
355.828642,198,579.733732
333.614721,153,582.205099
11.250179,26,582.620349
15.053628,31,583.133781
460.338484,287,587.736131
9.921667,35,588.335872
12.280855,38,589.03201
440.532654,263,596.858929
301.207616,125,598.873773
342.068017,174,601.689824
324.237987,148,604.092245
290.976446,117,605.927428
338.98915,173,608.717022
257.930388,111,610.737405
352.715112,191,614.288248
279.636084,114,615.981505
316.655612,156,618.492621
338.158225,158,621.045853
276.268197,112,622.845005
353.925457,185,625.764447
320.090662,143,631.54979
305.231571,129,633.607963
341.278478,165,636.467871
307.598609,156,638.956549
325.009129,149,641.298224
335.176972,159,643.832563
310.709747,145,646.155295
306.191367,131,648.221152
314.974529,155,650.683724
297.459694,126,652.694788
312.460752,167,655.371666
304.700246,123,657.324823
304.883534,124,659.262666
294.592927,121,661.212305
249.658851,109,666.490062
297.350998,130,668.542589
310.558454,149,670.901366
295.836364,131,673.006606
245.711807,103,674.628298
259.816399,113,676.403163
246.704979,106,678.068535
305.100171,128,680.096902
335.186095,157,682.583434
276.917093,123,684.561511
296.823162,128,686.572298
265.172577,114,688.42209
276.600664,119,690.491936
277.926031,121,692.406964
294.964648,128,694.579935
304.080537,118,696.369517
257.33116,110,701.617522
301.271229,131,703.721208
283.185644,122,705.65887
252.846565,111,707.419091
53.83948,29,707.891493
290.748732,121,709.82865
268.835929,113,711.588788
288.120857,131,713.674369
260.798904,115,715.484204
268.853466,114,717.254374
313.962559,126,719.256885
279.392655,117,721.083998
212.986426,99,722.688073
282.138809,117,724.546449
230.955607,108,726.255601
271.370591,114,728.153075
246.191334,111,729.8563
266.448013,118,731.712213
288.97883,120,733.59991
210.825953,97,738.633701
294.117142,125,740.625531
296.687547,121,742.573631
259.995448,114,744.375582
288.539964,116,746.255406
318.490498,121,748.170472
280.077114,119,750.063004
299.367493,120,751.939938
274.903473,120,753.860036
293.111317,116,755.719902
294.37507,119,757.623517
293.647296,118,759.458382
289.309742,117,761.327215
286.358891,120,763.232788
285.596424,119,765.093493
304.539773,124,767.079003
302.606021,124,769.041072
294.154324,123,774.485995
304.536653,121,776.418369
295.794204,121,778.329926
290.019095,120,780.269677
303.077009,125,782.256609
300.851975,125,784.22031
298.269702,121,786.137024
288.712934,121,788.063951
303.179268,124,790.024282
290.870721,119,791.879518
289.649005,121,793.781194
281.169481,118,795.704394
326.950552,133,797.85955
313.593847,127,799.843535
280.211369,118,801.849596
296.743962,123,803.889755
296.011275,123,809.493336
305.250465,125,811.426982
292.762928,119,813.334296
280.868291,117,815.220982
290.487186,122,817.137203
303.828862,125,819.177308
290.218249,120,821.089992
298.365216,121,823.010282
315.141038,130,825.106964
309.346445,126,827.097836
302.661073,124,829.064092
307.389372,125,831.03379
295.678343,122,832.958731
287.660176,121,834.914223
307.653035,131,836.978352
277.766868,119,838.890549
301.037062,125,844.440619
321.302601,133,846.578611
296.774209,123,848.55979
314.327322,130,850.647608
344.886095,157,853.121422
331.420569,141,855.378408
325.489506,136,857.567983
324.522195,133,859.72869
343.778018,145,862.029239
320.075693,132,864.241267
327.540725,143,866.46724
346.69984,150,868.911548
339.979267,149,871.284372
337.341496,149,873.630356
344.172868,158,876.123962
342.222613,150,881.904897
363.417558,175,884.722849
341.214859,151,887.158449
352.609778,160,889.7118
353.882555,170,892.59118
368.114379,165,895.312834
361.915857,173,898.077776
386.220873,194,901.170985
392.825502,203,904.411847
385.426915,192,907.427116
410.597992,248,911.379063
427.976144,242,918.80105
493.035699,304,923.707189
418.862876,246,927.721827
473.187731,284,932.315895
426.4179,240,936.127153
423.350394,236,939.843495
400.157311,227,943.441365
356.961148,181,946.308168
375.939773,187,952.573225
467.188323,263,956.77022
443.485666,261,960.909121
459.531429,265,965.138318
423.572502,252,969.164702
474.153142,294,974.229447
428.930197,259,978.383394
466.070465,289,982.988656
443.156264,271,990.859882
463.670417,270,995.28821
504.388251,310,1000.311046
398.821222,221,1003.907964
467.605264,280,1008.343403
393.250903,196,1011.436566
386.712176,202,1014.663226
351.207458,172,1017.403257
406.966078,228,1024.167602
405.130704,235,1027.959638
438.742419,258,1032.133515
392.279559,217,1035.580808
106.002147,61,1036.569422
199.350397,124,1038.540587
384.520838,190,1041.604867
497.891298,303,1046.446124
378.428179,194,1049.478444
399.101912,209,1052.826898
429.601073,248,1060.394214
656.185412,474,1068.231815
379.556818,195,1071.380884
365.90678,181,1074.276557
368.450441,187,1077.276704
446.728517,205,1080.545723
393.759568,191,1083.593529
449.158679,237,1087.389499
291.50356,132,1089.502769
318.316599,147,1094.883066
303.149352,140,1097.092123
336.301542,153,1099.542118
397.183392,188,1102.537568
373.478436,189,1105.556249
283.246611,130,1107.628228
394.977539,211,1111.003539
336.409587,157,1113.522758
346.079846,172,1116.248016
361.718918,185,1119.190273
371.344117,193,1122.251553
342.808256,156,1124.737091
329.623703,147,1130.705263
310.207119,145,1133.108034
335.317522,159,1135.730449
326.191659,150,1138.18535
365.032676,176,1141.004813
326.226462,154,1143.511724
301.519648,142,1145.822122
473.604734,239,1149.654205
299.34082,138,1151.85699
382.686906,166,1154.493159
318.155378,154,1156.989598
381.209295,192,1160.066206
445.928639,193,1166.507819
406.272281,170,1169.219663
433.930969,201,1172.489496
366.636015,179,1175.354229
424.796129,211,1178.744651
434.198505,222,1182.279693
443.089202,186,1185.264058
431.195182,186,1188.263554
415.812131,204,1191.688969
432.195922,194,1194.836039
445.784594,186,1201.38492
455.032151,191,1204.493733
473.025263,203,1207.736904
393.578799,157,1210.287771
474.578605,224,1213.913585
342.304026,145,1216.410992
335.03781,142,1218.792501
510.238902,250,1222.753246
328.492462,134,1224.947129
372.509969,199,1228.104389
345.0318,138,1230.341623
339.218923,135,1232.523236
331.984865,133,1238.116316
339.778508,129,1240.203767
390.605909,198,1243.426245
327.685274,127,1245.463384
327.58647,131,1247.623213
300.235496,121,1249.594006
289.45877,120,1251.526686
349.431736,133,1253.752744
403.324432,195,1256.925459
347.661818,130,1259.036319
340.892891,130,1261.078974
327.221369,128,1263.164584
347.027826,132,1265.30566
349.096294,130,1267.418261
330.966514,127,1272.946384
363.030758,135,1275.149643
354.549971,131,1277.299072
369.198292,135,1279.49088
337.500006,127,1281.55918
345.031967,130,1283.702164
352.596785,130,1285.856234
352.53424,132,1288.00121
339.903814,129,1290.075982
343.175383,130,1292.214202
354.414055,133,1294.376617
350.006526,129,1296.476144
315.955389,124,1298.47612
351.955032,134,1300.633347
349.829336,133,1302.814808
352.287226,136,1308.479019
340.655037,131,1310.629033
356.776558,131,1312.777094
344.582216,133,1314.968932
337.823527,129,1317.046108
362.804949,137,1319.286217
340.235028,131,1321.424825
348.034094,135,1323.661555
323.53381,128,1325.805833
348.99972,136,1328.02442
323.064066,129,1330.164725
334.460946,130,1332.264355
351.656116,135,1334.466106
341.11919,131,1336.661554
326.559812,126,1338.710006
343.179452,133,1344.211349
343.585813,129,1346.299706
325.428658,124,1348.342734
328.865012,129,1350.458188
444.17644,166,1353.210492
345.462796,132,1355.423517
338.329403,132,1357.587695
362.89063,137,1359.860981
325.99425,131,1362.023834
335.274629,132,1364.203977
331.056624,129,1366.301162
322.84699,127,1368.404903
508.90735,187,1371.476404
354.179654,139,1373.794936
337.98313,135,1379.191312
345.644041,134,1381.404461
350.913388,136,1383.658136
367.047039,140,1385.952458
368.862958,140,1388.263679
340.270903,134,1390.455335
332.35295,134,1392.658356
337.58173,136,1395.160697
345.463801,134,1397.440248
342.176965,131,1399.603654
322.891487,131,1401.789002
356.486502,136,1404.281548
332.649693,131,1406.433969
350.734966,132,1408.621049
357.609572,135,1414.014182
330.542379,128,1416.135802
341.714846,131,1418.259538
333.754624,128,1420.38582
334.560781,128,1422.483598
330.678764,127,1424.559798
340.604848,133,1426.726441
331.425205,133,1428.88687
338.898441,130,1431.035194
525.428963,183,1434.038147
330.204704,128,1436.179285
351.095156,137,1438.419693
543.275679,193,1441.698513
322.472748,126,1443.767505
434.954425,158,1449.565095
330.204295,131,1451.7158
322.01239,123,1453.728445
339.287343,132,1455.909772
335.606194,132,1458.041604
499.426237,188,1461.132514
326.541443,129,1463.341542
324.613513,123,1465.390283
346.975308,133,1467.552574
328.511317,127,1469.649673
322.908024,125,1471.69149
331.068671,130,1473.868105
332.585372,131,1476.024554
399.001318,152,1478.546868
567.061905,195,1484.910144
333.307401,132,1487.096039
334.380139,131,1489.229191
319.514359,125,1491.303877
341.18562,135,1493.62346
537.503996,188,1496.880365
350.9267,137,1499.053299
544.298382,189,1502.247962
317.831108,127,1504.360626
321.52688,131,1506.539014
332.050107,132,1508.702125
523.200657,188,1511.970886
334.242517,129,1514.289946
336.726348,132,1516.485104
324.071155,129,1521.919208
343.537166,134,1524.031068
483.404526,185,1527.151985
318.618417,131,1529.316433
410.664389,161,1531.971612
375.428567,158,1534.594857
350.739704,139,1536.915555
350.619734,139,1539.194925
319.985165,135,1541.422983
321.676958,127,1543.504652
317.616136,131,1545.674838
318.542831,132,1547.843944
328.118803,133,1550.03836
344.493221,134,1552.293535
366.312257,142,1557.836287
457.583783,172,1560.663693
312.192244,128,1562.757286
340.689944,136,1564.9951
343.733511,136,1567.283579
289.241243,130,1569.439295
374.040408,144,1571.808337
386.216482,149,1574.288732
352.228501,137,1576.555839
358.195339,140,1578.878684
357.938131,139,1581.148178
332.522552,138,1583.407496
362.727985,141,1585.745195
251.971682,108,1587.521873
343.375495,136,1593.009293
327.684372,135,1595.216208
366.645206,143,1597.553668
360.048468,138,1599.813495
440.846749,166,1602.524813
376.942654,142,1604.86818
368.991113,140,1607.19291
391.097566,146,1609.581889
340.968805,136,1611.79504
361.786796,138,1614.052732
378.385576,144,1616.430744
335.044082,134,1618.690801
356.235623,140,1621.006278
376.561138,143,1626.57631
361.379173,139,1628.86027
346.753996,137,1631.170907
374.942385,137,1633.411607
354.147734,136,1635.650017
341.640343,135,1637.880168
332.638141,135,1640.084247
404.298126,153,1642.637236
361.638351,141,1644.972624
348.990939,137,1647.251218
389.403279,143,1649.605577
324.468648,138,1651.885694
434.621755,166,1654.600553
370.269,137,1656.885932
389.183897,146,1662.64297
420.62228,164,1665.345123
376.935319,143,1667.703543
392.330679,149,1670.17922
389.732029,148,1672.626429
390.89355,142,1674.953226
400.554132,152,1677.436142
400.751943,151,1679.923797
396.90802,152,1682.405338
310.085313,131,1684.582518
394.358599,151,1687.097945
369.822244,144,1689.496774
373.767216,144,1691.883317
373.014884,141,1697.414174
379.768981,142,1699.84306
398.214186,148,1702.312029
402.600126,156,1704.859659
356.019506,141,1707.235191
326.998549,136,1709.482805
373.971158,140,1711.796539
321.552026,132,1714.024237
343.196907,134,1716.233947
396.682089,148,1718.669981
395.616756,146,1721.049661
332.606341,140,1723.336669
405.613926,149,1725.766853
392.896446,148,1728.168586
356.638351,138,1733.807241
401.988751,151,1736.280655
397.133005,149,1738.786096
333.987025,143,1741.115712
409.586863,161,1743.72835
338.416671,143,1746.119443
341.622977,138,1748.370492
370.275287,141,1750.681362
362.913268,147,1753.121733
387.979584,150,1755.573309
404.670742,161,1758.212752
404.856158,159,1760.803415
285.181169,144,1763.290021
419.188659,164,1769.552404
404.774691,156,1772.101882
404.408888,161,1774.732086
327.068565,126,1776.784589
402.1332,151,1779.283408
411.589735,164,1782.101902
333.01186,136,1784.365495
361.053328,141,1786.704605
325.187533,135,1788.920605
398.606391,148,1791.429278
409.805642,155,1794.14978
391.861613,153,1796.599221
419.128574,166,1799.364406
392.263343,153,1805.232653
394.554944,153,1807.748
427.855329,164,1810.46326
419.329242,158,1813.057435
407.106393,153,1815.699291
387.237919,151,1818.190667
407.779428,154,1820.819351
386.51535,148,1823.26015
437.397776,163,1825.955031
419.295447,158,1828.57353
408.798734,152,1831.06813
318.893669,141,1833.382475
408.416206,152,1835.859074
387.538477,152,1841.699709
433.933828,163,1844.390877
370.815673,157,1846.968659
401.48887,152,1849.446289
413.437471,157,1852.045099
406.472063,151,1854.515438
400.533756,145,1856.898314
469.367416,176,1859.774134
391.249596,140,1862.083845
414.007523,152,1864.572466
423.452636,151,1867.071098
422.467872,156,1869.656376
411.950677,150,1875.446956
688.596776,215,1878.941058
428.106022,150,1881.433298
416.993861,146,1883.820049
382.664898,141,1886.186755
407.979758,144,1888.585984
393.000405,138,1890.872258
383.785661,133,1893.036896
413.936863,146,1895.444373
377.923675,139,1897.745195
397.510108,141,1900.047291
382.142901,136,1902.282502
370.86178,136,1904.504611
413.87404,145,1906.894287
402.300432,140,1912.580209
465.875413,156,1915.155849
404.771178,141,1917.46762
388.377781,141,1919.826113
378.158779,137,1922.063194
391.413485,141,1924.406477
434.017614,149,1926.850517
391.837152,140,1929.612306
680.864633,208,1933.077536
387.536774,138,1935.35529
397.92848,143,1937.675469
387.14266,140,1940.004488
390.005014,140,1942.281696
438.218159,150,1948.112477
464.354551,163,1950.791365
461.805618,161,1953.429289
623.618343,196,1956.68997
455.012083,157,1959.285538
670.918609,211,1962.752937
320.432145,132,1964.949087
445.944916,156,1967.510371
476.379994,167,1970.295041
326.867283,132,1972.440444
496.698051,173,1975.305656
658.680176,212,1978.80218
531.442886,190,1985.287596
326.129469,131,1987.481977
397.248646,140,1989.815725
659.055334,217,1993.421157
659.240843,215,1996.951086
417.128424,151,1999.413315
423.679734,152,2001.950331
490.351581,171,2004.760451
636.558939,222,2008.403003
461.500806,166,2011.141704
484.920493,169,2013.933049
417.235072,148,2019.782401
458.985812,156,2022.346617
437.067237,157,2024.944713
402.466469,142,2027.302092
479.656383,174,2030.151169
408.626895,147,2032.576991
399.095505,147,2035.001419
457.203629,159,2037.636162
482.043351,166,2040.437081
450.760142,161,2043.072066
701.89691,232,2046.918077
499.69671,175,2049.81915
300.496876,130,2055.434004
401.630569,148,2057.891498
461.610144,162,2060.588856
670.563446,224,2064.329564
386.709492,143,2066.672356
577.490301,194,2069.830462
686.225456,229,2073.574137
737.720604,256,2077.922733
699.185641,229,2081.690788
505.611442,170,2084.494067
530.761721,174,2090.812235
563.094595,196,2094.167216
722.215457,242,2098.337406
426.774115,175,2101.28248
302.633885,132,2103.369114
311.473035,134,2105.57171
634.177262,213,2109.110159
520.393939,180,2112.083101
1189.433326,431,2119.39741
559.533152,184,2126.277328
708.406096,235,2130.49211
530.7634,181,2133.448063
304.239662,131,2135.638313
663.057386,227,2139.436529
516.7077,208,2142.878563
687.908877,250,2146.936247
564.384827,187,2149.969182
1435.2814,500,2161.740045
667.468299,224,2165.450239
542.070061,183,2168.46464
680.07488,220,2172.515826
1312.126892,458,2180.128642
328.128301,139,2182.417891
772.513886,250,2186.522284
765.975768,290,2191.287912
670.233661,216,2198.372025
902.631821,292,2203.284972
919.243804,297,2208.240535
709.855199,228,2212.039408
758.676476,239,2215.997718
749.581974,244,2219.965782
695.823627,231,2223.753654
807.879821,252,2227.967333
738.534425,243,2235.363886
681.042156,226,2239.085205
544.121767,184,2242.096102
808.124935,261,2246.459136
894.811857,299,2251.361989
769.900609,258,2255.579962
789.220348,251,2259.693049
780.576641,254,2263.849169
744.064253,252,2271.478489
819.191026,266,2275.931583
709.981016,229,2279.739681
1015.35796,344,2285.451753
978.244148,320,2290.726382
906.126268,282,2295.438484
277.011791,125,2297.756717
759.910969,237,2304.805842
955.581361,307,2309.885855
1045.496153,355,2315.746598
401.979943,166,2318.481392
1276.406216,423,2325.44744
926.514027,321,2330.715314
1320.137883,460,2341.820073
1011.645422,322,2347.292932
301.916556,138,2349.634703
985.083113,309,2354.802036
1332.632036,435,2361.975926
501.457602,173,2364.940802
770.169727,249,2369.012164
921.397486,305,2377.014321
988.437758,327,2382.353188
603.122363,196,2385.52771
1225.204967,387,2391.877112
885.519142,272,2396.621816
794.199054,250,2400.766966
747.466219,246,2404.724595
645.692458,215,2411.867882
1080.444948,372,2418.444397
931.611519,330,2423.900778
646.235231,208,2428.075552
1444.666506,477,2439.273515
632.948293,211,2446.611013
1134.771668,359,2452.84153
677.298217,222,2456.961411
659.140813,219,2460.505594
657.728326,214,2464.041843
625.068327,204,2467.401836
870.474061,277,2471.933554
646.33013,220,2475.542493
643.463247,212,2482.59414
286.971639,134,2484.793535
734.449753,234,2488.741808
644.854011,211,2492.22234
661.444108,216,2495.798996
1604.673161,499,2503.979426
978.462473,306,2509.030736
736.860165,233,2512.857197
903.305214,281,2520.922383
848.035421,265,2525.256216
1016.351659,351,2531.062644
805.684435,249,2535.137353
679.773087,224,2538.823271
656.31413,215,2542.350298
1526.372311,500,2553.930186
665.515517,217,2557.575705
1198.420156,373,2564.119152
842.505027,267,2568.586632
672.46783,215,2572.296049
1264.761252,420,2579.164184
1242.009269,393,2589.08494
974.31588,305,2594.117265
879.805171,266,2598.607858
945.319164,299,2603.531797
880.866822,283,2608.302901
1278.193268,397,2614.83719
943.571831,303,2619.855341
1186.607974,361,2629.130677
878.148425,270,2633.608723
1285.503555,393,2640.121531
302.262201,137,2642.399905
1535.256435,500,2650.742772
939.088196,291,2655.55636
1081.796257,335,2664.294045
890.574632,280,2668.998056
1287.84977,402,2675.679848
1345.867397,500,2683.986202
827.052002,258,2688.254312
1440.573608,500,2699.86922
1429.888837,500,2708.193884
1078.209275,348,2714.008541
1199.102226,365,2720.334819
956.026009,295,2725.224277
1542.731571,500,2736.691767
1502.248457,500,2744.963141
1440.658875,444,2752.312205
1441.478415,439,2759.586584
1501.722062,500,2771.047007
836.102415,263,2775.432529
1492.61375,500,2783.717231
1383.763856,500,2792.020813
1529.985357,478,2803.085285
1138.812499,350,2808.942224
1526.016647,500,2817.522522
1180.833837,367,2823.64144
893.803792,280,2828.299414
1503.852856,500,2839.823547
1462.882748,500,2848.090259
1473.767228,500,2856.5744
1475.815921,500,2864.843619
302.864577,136,2867.124001
1469.312403,459,2877.922465
1546.149185,500,2886.26054
964.103165,316,2891.602959
1489.017395,500,2899.955967
1542.61561,500,2911.42335
1481.301894,500,2919.831138
1483.358937,500,2928.123224
1479.859506,500,2936.433693
1474.74588,473,2947.4653
1466.116621,500,2955.750304
1354.201641,500,2964.117402
1530.357572,500,2972.458992
1486.011777,500,2983.877335
1518.066248,500,2992.130819
1393.685958,500,3000.596351
1398.415291,445,3008.03787
1408.378446,500,3019.64476
1420.366814,500,3027.926201
1385.515631,500,3036.127976
1467.171313,500,3044.384247
1409.347134,500,3056.197806
1427.491119,500,3064.431411
1381.685641,422,3071.391111
1430.04123,436,3078.607593
1473.917366,463,3089.56352
1413.699593,433,3096.753574
1592.00636,500,3104.967151
1317.599845,407,3111.717638
1572.7638,500,3123.345053
1601.682228,500,3131.595237
1442.634615,500,3139.832907
1511.05301,500,3148.091771
1502.819945,500,3159.700491
1171.613355,355,3165.589007
1097.949924,336,3171.19564
1504.398156,500,3179.444901
1496.862266,500,3187.665597
1468.296268,500,3199.273459
1508.522019,473,3207.439267
1270.010544,397,3214.008823
1528.78925,500,3222.317699
1551.841798,500,3233.933193
1602.517375,500,3242.217108
1400.26465,431,3249.309622
1531.552536,500,3257.504873
1607.430727,500,3269.225445
1290.106795,395,3275.714628
1249.819499,380,3281.947665
1577.64806,500,3290.215263
950.821005,290,3298.720535
1508.072606,462,3306.368
1509.035794,467,3314.264072
1564.787462,500,3322.766621
1461.029325,455,3330.291735
1563.936406,500,3342.007212
1549.301815,500,3350.247603
1428.331825,430,3357.333894
1641.479593,500,3365.66925
1493.272677,454,3376.66115
1535.370166,500,3384.881727
1468.181725,441,3392.112541
1470.287924,500,3400.327208
1556.122786,500,3412.098525
1563.124436,500,3420.445011
1547.754908,500,3428.654161
1534.267841,500,3436.899835
1504.331577,500,3448.585196
1536.712266,500,3456.954418
1536.580033,500,3465.176444
1523.00027,500,3473.363808
1531.524664,500,3485.011827
1549.845187,500,3493.436566
1549.649805,500,3501.985395
1551.599203,500,3513.714129
1544.450495,500,3522.031145
1560.998929,500,3531.085918
1589.968511,500,3539.520118
1593.808636,500,3551.226953
1569.615349,500,3559.627654
1541.639105,500,3568.024393
1559.535578,500,3576.191815
1526.055083,500,3587.634134
1554.706663,500,3595.97369
1536.152987,500,3604.300641
1539.736187,500,3612.536796
1536.514541,500,3624.535888
1497.518821,500,3632.931978
1545.838945,500,3641.211368
1536.951389,500,3649.381264
1570.587429,500,3660.772911
1533.479381,500,3669.192091
1560.761519,500,3677.430328
1534.134757,500,3685.664829
1613.367359,500,3697.464388
1514.567208,500,3705.811364
1540.979639,500,3714.012514
1622.742724,500,3722.260755
1519.639358,500,3733.871607
1489.454949,500,3742.081685
1442.84829,500,3750.241898
1523.700221,500,3761.925065
1536.6876,500,3770.22501
1518.969629,500,3778.555823
1506.08513,500,3786.784578
1495.58387,500,3798.426741
1516.23901,500,3806.794172
1506.907081,500,3814.944592
1504.470046,500,3823.236461
1494.508576,500,3834.885153
1527.717012,500,3843.144069
1492.669978,500,3851.48402
1499.716564,500,3859.695974
1520.798603,500,3871.451985
1492.122773,500,3879.706336
1538.773392,500,3888.150949
1492.890753,500,3896.629789
1527.57252,500,3908.370746
1558.302288,500,3916.668388
1603.807823,500,3926.355461
1571.342583,500,3936.209661
1549.085941,500,3949.421149
1629.902484,500,3959.264299
1563.595794,500,3968.951126
1561.602306,500,3981.732053
1568.883564,500,3991.41691
1548.877358,500,4001.539924
1578.400021,500,4014.596447
1564.973865,500,4024.382664
1581.174986,500,4034.072108
1209.098252,365,4041.227713
1202.420592,365,4051.896798
1564.988991,500,4061.606229
1590.196871,500,4071.206704
1303.310288,389,4082.180005
1563.980365,500,4091.933732
1562.574328,500,4101.885972
1544.980882,500,4110.553306
1604.585593,500,4122.341122
1524.997094,500,4130.541387
1563.966826,500,4138.759633
1554.466676,500,4147.04534
1549.994544,500,4158.747787
1525.111717,500,4166.992165
1518.095751,500,4175.241207
1553.119735,500,4183.486165
1548.762692,500,4195.145616
1542.629228,500,4203.725685
1656.414744,500,4212.318153
1565.724993,500,4224.494996
1590.603447,500,4232.704856
1595.826609,500,4240.973357
1549.603004,500,4249.226859
1575.032822,500,4260.902019
1503.733597,500,4269.151296
1532.130167,500,4277.346759
1569.431968,500,4285.557829
1551.105048,500,4297.208057
1535.962894,500,4305.418825
1545.06053,500,4313.584651
1557.113093,500,4321.813253
1517.597318,500,4333.526067
1554.429146,500,4341.792999
311.083587,137,4344.058103
1569.07266,500,4352.323417
1572.539278,500,4360.470582
1524.352383,500,4371.919467
1499.369347,500,4380.241729
250.416196,109,4382.055671
243.803779,110,4383.849773
259.151733,111,4385.649169
240.111015,110,4387.456257
1534.980234,500,4395.7773
1568.312291,500,4408.079759
1547.818708,500,4416.388739
1614.039577,500,4424.591894
1550.919972,500,4432.819384
1596.880232,500,4444.529269
1572.342291,500,4452.802128
1559.542481,500,4460.943354
1561.389561,500,4469.225763
1536.50528,500,4480.97792
1569.438034,500,4489.180255
1561.97087,500,4497.482354
1574.176049,500,4505.915371
1561.213444,500,4517.687785
1535.941274,500,4526.145491
1531.340758,500,4534.325553
1562.067534,500,4542.507028
1568.115401,500,4554.332484
1595.235244,500,4562.57321
1532.24699,500,4570.749189
1581.821305,500,9660.009109
1567.28691,500,9664.611048
1574.50943,500,9669.369867
1574.054394,500,9673.997188
1572.280462,500,9676.749493
1500.044541,500,9677.665497
1570.034631,500,9678.590865
1579.981039,500,9679.565103
1574.555797,500,9680.712254
1569.125945,500,9681.697389
1573.647751,500,9682.601106
1554.953096,500,9683.620526
1581.457024,500,9684.635318
1573.195888,500,9685.631984
1564.246454,500,9690.017313
1569.367003,500,9691.003689
1580.528793,500,9692.029416
1579.717219,500,9692.997384
1572.953311,500,9694.009841
1582.408343,500,9694.982848
1576.915666,500,9695.957472
1566.897681,500,9696.981844
1411.216891,500,9697.953352
1565.481209,500,9698.979981
1571.257706,500,9699.976719
1568.509689,500,9700.971884
1567.83545,500,9701.944145
1551.551077,500,9702.975122
1460.615069,500,9703.949684
1566.472597,500,9704.992549
1573.183447,500,9705.975109
1449.233906,500,9707.040012
1572.884876,500,9708.029838
1429.715158,500,9709.065977
1571.312191,500,9710.112413
1572.506283,500,9711.060847
1572.626727,500,9712.029844
1570.133358,500,9713.04306
1569.466238,500,9714.062074
1569.540383,500,9715.016453
1534.803039,500,9716.022419
1573.787635,500,9717.041168
1567.337668,500,9718.036755
1574.278631,500,9719.001281
1572.355339,500,9719.995721
1583.068392,500,9720.994308
1487.875267,500,9725.226859
1575.560578,500,9726.237789
1572.525342,500,9727.216854
1489.251292,500,9728.221033
1571.243186,500,9729.198606
1578.667666,500,9730.214017
1566.919362,500,9731.249534
1579.752779,500,9732.217108
1570.27062,500,9733.253351
1567.516038,500,9734.219832
1420.501999,500,9735.238587
1578.925029,500,9736.257261
1555.678574,500,9737.236545
1571.339671,500,9738.264731
1573.665792,500,9739.286889
1424.431491,500,9740.243903
1564.346129,500,9741.26316
1500.489,500,9742.205536
1567.706791,500,9743.21222
1576.385007,500,9744.198381
1581.666587,500,9745.217673
1579.990367,500,9746.206745
1576.044248,500,9747.191731
1571.352857,500,9748.150816
1575.700742,500,9749.148768
1573.518689,500,9750.150719
1570.678043,500,9751.133412
1568.247517,500,9752.137052
1567.23654,500,9753.122881
1416.054171,500,9754.132945
1571.619982,500,9755.075982
1574.99034,500,9756.085981
1582.77008,500,9760.186436
1569.368222,500,9760.622518
1567.977431,500,9761.116949
1579.688045,500,9761.601466
1568.121575,500,9762.093338
1572.092387,500,9762.629596
1569.28866,500,9763.233518
1568.620139,500,9763.849113
1582.242116,500,9764.61429
1450.446719,500,9765.466417
1580.919939,500,9766.427788
1384.618958,500,9767.388313
1571.957577,500,9768.334781
1577.637352,500,9769.347487
1574.160781,500,9770.405747
1571.158422,500,9771.385983
1572.739912,500,9772.392451
1566.598183,500,9773.408257
1569.955625,500,9774.374304
1571.602961,500,9775.391617
1566.42102,500,9776.400534
1577.771978,500,9777.360984
