#{"t_start": 1736609181.0991218, "env_id": "CustomHopper-target-v0"}
r,l,t
22.922294,22,339.818033
5.797008,8,339.835498
9.524234,11,339.85124
8.730977,12,339.869204
10.897294,12,339.881614
23.329116,32,339.905009
10.961094,14,339.917281
7.176597,16,339.929405
7.423047,10,339.935892
8.345339,10,339.944273
18.265304,23,339.960825
6.664068,9,339.969797
15.699507,16,339.982036
7.114139,13,339.99234
8.206733,16,340.002561
8.035663,10,340.008842
13.178217,17,340.019972
6.631885,12,340.029933
11.740092,19,340.044502
27.511989,23,340.059473
7.570185,9,340.065596
8.144211,12,340.072719
62.987751,44,340.099434
8.556654,10,340.104698
33.504015,49,340.134715
22.139677,22,340.14734
17.333762,19,340.15875
23.238571,31,340.17949
26.055742,21,340.191931
15.516542,28,340.208233
17.031201,17,340.218574
42.178202,32,340.236158
8.850419,19,340.245857
28.033838,30,340.265977
10.230254,18,340.277045
41.718258,34,340.298551
6.390718,10,340.304947
10.341762,17,340.317007
14.206089,17,340.329031
14.865011,15,340.3383
13.895178,21,340.351853
18.762221,28,340.368867
16.455963,18,340.379798
13.579476,18,340.390262
10.390131,14,340.397654
6.215024,9,340.403895
33.561608,31,340.4271
13.630413,22,340.443568
6.90903,10,340.450486
12.545859,15,340.459514
6.524432,12,340.468068
5.396067,8,340.473197
17.246979,19,340.485803
8.956092,11,340.492302
11.830013,15,340.501513
6.021679,17,340.511066
20.664605,18,340.522104
6.37301,10,340.530358
21.614409,23,340.54494
11.703386,15,340.554208
32.206331,30,340.572864
7.939577,10,340.57953
12.288633,22,340.594327
8.874358,12,340.600682
9.108618,15,340.60986
10.869174,13,340.616973
7.537482,17,340.627387
6.86783,11,340.632963
10.950387,15,340.642019
5.160351,12,340.648766
21.059946,29,340.665309
13.323402,24,340.682103
7.610427,9,340.688407
11.095643,15,340.69741
13.408582,21,340.708498
7.233404,11,340.718231
8.740511,12,340.725082
19.396889,21,340.737935
14.603149,24,340.753384
11.262543,12,340.761635
12.396729,15,340.772755
14.266051,33,340.797414
10.076301,12,340.808103
10.458905,13,340.815357
13.477022,27,340.830875
8.042862,17,340.841847
4.804801,8,340.846426
14.097505,16,340.85611
27.946235,31,340.874418
13.889942,18,340.885237
5.429741,8,340.889858
7.201877,10,340.89596
5.584234,9,340.90382
6.716532,10,340.909379
6.848534,14,340.919829
33.876669,27,340.935172
14.184791,18,340.946836
19.60132,20,340.958709
25.194436,23,340.973285
14.791195,16,340.983455
15.461325,16,340.994049
14.892895,20,341.004689
8.60556,13,341.01279
18.329153,20,341.02425
12.558589,28,341.03992
6.023013,18,341.050742
9.326991,14,341.059119
14.841308,17,341.06771
30.349113,38,341.091544
12.059582,15,341.101996
19.976192,21,341.116576
8.58208,11,341.126548
9.278215,21,341.140072
9.98518,16,341.149399
10.504999,28,342.164598
25.008078,22,342.177697
18.690795,19,342.189057
37.979045,40,342.211031
5.186364,18,342.222224
8.202136,10,342.228278
61.877912,59,342.263465
8.058154,11,342.26978
10.219143,12,342.276762
8.761308,13,342.284401
70.181866,44,342.30999
14.258404,14,342.318463
21.974781,21,342.330919
10.288358,13,342.338827
26.748954,25,342.353907
38.506243,33,342.375762
24.911124,23,342.389776
12.632415,24,342.403294
55.669635,36,342.424309
44.560318,36,342.44453
16.124418,20,342.456603
10.72082,12,342.463459
141.630355,76,342.503267
21.166715,25,342.516922
4.75037,9,342.522361
10.646061,13,342.530891
10.975475,15,342.540429
7.346291,12,342.547631
85.814706,55,342.577699
17.436428,18,342.588074
13.135711,15,342.595947
7.151658,11,342.602889
24.833716,39,342.625448
10.638179,12,342.631905
6.431133,9,342.63719
19.458644,32,342.656886
6.724756,30,342.685243
13.791087,24,342.709936
7.962167,12,342.718179
61.526339,44,342.746572
18.950524,24,342.769774
17.39737,17,342.780806
32.410218,24,342.799551
4.793021,8,342.804821
8.524442,11,342.811368
18.69566,18,342.82586
51.784517,46,342.851895
10.340805,12,342.860249
54.839338,41,342.88401
10.116164,18,342.89323
25.539332,23,342.904968
9.636238,13,342.912431
7.347514,13,342.919736
79.004202,55,342.95179
58.405931,41,342.975417
29.239191,23,342.988126
12.200181,14,342.997011
24.760419,23,343.011002
18.235118,20,343.022123
15.950737,19,343.036114
11.809243,13,343.043734
10.231871,15,343.05143
61.874759,45,343.075635
7.67665,13,343.082818
10.922846,13,343.089713
13.575548,33,343.107908
23.930841,22,343.121591
25.42782,21,343.13366
8.783075,17,343.14622
11.218141,23,343.164433
11.572412,17,343.175222
17.272584,35,343.195879
51.319837,62,343.229133
7.700569,10,343.234661
28.960376,25,343.249062
69.476011,42,343.273603
14.353675,23,343.289199
14.263135,23,343.301909
24.420797,39,343.324181
15.634195,24,343.33788
94.664308,61,343.370715
24.373045,32,343.393161
154.373341,87,344.431592
9.121457,12,344.438516
55.707376,69,344.482839
51.770911,37,344.505143
18.832714,27,344.525175
103.817244,62,344.562985
21.496854,27,344.581903
10.013356,12,344.589117
13.374587,17,344.599664
35.319751,34,344.620616
27.539056,30,344.64083
118.090487,63,344.684685
83.473292,55,344.718409
103.70756,68,344.760867
55.081251,70,344.801473
118.596622,77,344.84735
114.656298,72,344.893205
14.809205,19,344.908701
36.408097,50,344.937727
8.816335,13,344.947049
19.145946,20,344.958202
6.841123,14,344.966825
11.979724,14,344.976203
19.527841,29,344.99261
21.391463,30,345.01009
3.927286,12,345.019371
42.651752,32,345.038706
11.654343,14,345.047955
96.297266,60,345.083029
9.329542,11,345.089491
171.791452,81,345.134615
94.58149,53,345.167523
13.551012,15,345.175527
16.933393,20,345.187613
15.160183,24,345.204235
35.053172,34,345.228799
15.670201,19,345.241753
12.267617,22,345.255454
21.901192,30,345.273928
80.258232,68,345.312711
11.585122,17,345.321567
58.013033,42,345.343632
33.892506,39,345.367006
20.154786,37,345.386475
12.131491,15,345.395156
42.969411,44,345.416437
18.590414,22,345.429175
79.573404,51,345.458304
109.872342,85,345.528134
31.137372,42,345.561006
10.630551,18,345.573329
10.520193,15,345.581971
28.889194,29,345.599319
55.28461,33,345.618486
25.043805,25,345.632813
16.428913,19,345.644796
71.93193,47,346.605622
73.419996,45,346.632244
128.401651,72,346.676233
86.539685,53,346.712195
77.625769,49,346.741548
103.250222,58,346.777876
78.039944,49,346.807087
202.610987,112,346.872312
132.152033,77,346.916199
94.453085,57,346.95109
73.294591,45,346.97458
188.367644,94,347.028183
54.988883,46,347.05422
43.401985,30,347.069772
76.754598,51,347.095443
70.951831,45,347.122962
18.97535,23,347.138716
55.634738,36,347.161405
11.798934,31,347.179723
15.138646,17,347.190027
178.706166,147,347.275828
22.06931,22,347.293251
158.164899,79,347.339992
88.374289,53,347.370188
65.836822,41,347.394143
58.1005,40,347.416446
15.314833,17,347.424992
76.6655,54,347.466507
116.41036,67,347.515641
72.090615,45,347.543222
68.167131,43,347.592825
83.127284,56,347.638197
71.997302,89,347.690641
88.10435,53,347.719697
53.659111,57,347.751509
107.210047,64,347.789755
115.446341,63,347.825388
51.578965,33,347.842882
61.311761,35,348.817609
80.52321,66,348.859875
62.207584,36,348.884072
68.157003,38,348.90799
44.080735,44,348.935468
129.006305,103,349.024553
117.909406,60,349.060523
61.912108,36,349.083208
18.827122,20,349.095423
76.345356,44,349.121977
153.248857,71,349.160329
130.543559,64,349.194609
116.786969,60,349.230278
197.298453,101,349.28826
9.175983,12,349.296085
129.003912,64,349.342596
49.597964,45,349.372061
54.432501,40,349.395526
109.558076,56,349.426704
139.035631,70,349.462414
21.794274,20,349.473907
89.44208,50,349.501111
50.761805,33,349.518472
13.45132,13,349.525964
172.071994,100,349.582022
32.341345,25,349.596245
87.778554,48,349.620255
41.124351,30,349.636152
173.444648,78,349.680452
85.333901,56,349.709563
144.827612,77,349.749576
110.214029,57,349.783483
105.347382,55,349.815049
27.714086,21,349.826986
82.356162,46,349.854275
84.343887,48,349.882555
82.722928,63,349.916182
90.075497,49,349.94181
53.1364,31,349.958477
79.05163,44,349.980736
206.659375,87,350.977848
144.2469,77,351.024976
173.794226,82,351.077903
101.678638,55,351.1097
48.436699,28,351.127713
85.976037,49,351.15888
205.755542,90,351.213628
71.742845,48,351.242686
72.840454,51,351.27204
152.410039,72,351.311353
134.178799,68,351.347979
116.553319,60,351.389597
148.679572,74,351.437379
226.358231,119,351.505785
122.561835,62,351.540974
78.570902,44,351.56604
178.332716,81,351.612514
75.479471,43,351.63609
215.802077,92,351.69752
185.022062,81,351.758854
115.445666,60,351.797009
195.005953,95,351.854133
26.068279,43,351.879465
105.313743,65,351.917371
223.69737,103,351.978448
92.840215,55,352.009985
128.371213,63,352.047853
184.432635,82,352.098896
104.704527,55,352.13087
153.289638,73,352.172307
189.517259,88,353.245912
111.557758,59,353.28212
141.683171,82,353.345556
98.796708,58,353.383244
225.163348,101,353.458223
55.613133,39,353.486623
27.164172,22,353.500135
168.323241,79,353.550236
125.474503,64,353.587633
214.778741,96,353.657558
150.653314,74,353.705158
86.916814,50,353.736808
183.666752,85,353.782533
39.995969,35,353.805301
153.7219,76,353.850458
84.62648,50,353.882895
76.355831,45,353.910672
210.389858,96,353.96624
198.960583,90,354.019269
238.28586,115,354.091596
225.635131,110,354.157349
228.605794,101,354.214551
130.651431,69,354.253479
84.091376,53,354.284505
92.537651,53,354.318411
176.217794,109,354.376798
225.747709,101,354.434919
55.380778,34,354.456643
198.547734,89,355.568085
228.866526,104,355.636256
177.747654,82,355.685863
89.370256,50,355.714687
239.57612,107,355.825398
224.270458,104,355.889311
132.736548,67,355.928611
218.861761,101,355.987279
203.070804,92,356.041802
230.397558,107,356.104335
39.470587,27,356.11968
188.418825,87,356.167192
119.40671,65,356.20618
218.511833,98,356.260613
229.201596,101,356.316797
69.491873,44,356.344466
226.145883,111,356.406976
202.118885,91,356.462568
208.563517,94,356.517476
235.606901,111,356.578893
123.037977,66,356.617978
129.716429,71,356.657209
199.504487,111,356.717559
214.219006,96,356.774677
180.587971,85,357.817945
215.762649,97,357.885366
150.01668,71,357.931072
195.595966,86,357.985372
151.034187,76,358.028816
223.00501,99,358.090912
129.396759,75,358.131398
42.659836,34,358.149493
206.649942,89,358.199591
224.066107,101,358.257261
67.128555,39,358.281648
117.070634,61,358.319515
77.672233,49,358.350339
227.343103,103,358.420225
227.132426,103,358.481461
226.438547,98,358.541679
175.163849,82,358.586213
121.399217,65,358.627724
46.052438,36,358.657411
121.820558,62,358.696223
91.971886,56,358.727951
224.032225,102,358.787302
258.039625,140,358.872394
102.127987,55,358.905145
54.50788,36,358.924921
137.004872,66,358.967754
210.444994,92,359.026734
225.166019,111,360.114736
109.731946,59,360.150065
206.189734,95,360.211188
168.052631,80,360.257911
130.671807,67,360.301831
241.802069,128,360.37721
160.718684,77,360.420841
137.987141,71,360.467407
221.615425,103,360.528597
240.962977,113,360.594202
228.750515,109,360.657664
94.933532,54,360.689711
232.969034,107,360.755841
222.091726,97,360.818228
181.333869,83,360.867934
207.059995,97,360.923665
222.241534,97,360.979422
236.695472,117,361.049107
236.969913,105,361.114188
182.335069,83,361.163657
233.193538,106,361.228615
237.221489,115,364.454383
207.179528,90,364.509648
227.342632,105,364.57662
209.880079,92,364.635549
111.8143,56,364.672153
221.7053,94,364.732653
174.716689,88,364.783874
156.696386,72,364.82823
206.23386,111,364.895755
115.798419,59,364.932801
152.888663,71,364.974014
146.589955,76,365.021469
227.84208,99,365.081832
200.281375,87,365.134266
201.764956,91,365.191705
262.801136,126,365.265575
222.686065,101,365.324604
204.24514,88,365.375587
147.510873,72,365.421759
106.757557,67,365.459976
209.948641,99,365.515931
61.878876,35,365.536288
80.60011,43,365.575721
224.802407,110,365.643061
105.121413,65,365.686243
215.314473,100,366.765779
225.57482,104,366.834013
229.05766,102,366.902133
251.226267,141,366.997116
249.468217,128,367.073211
214.085031,93,367.131082
215.618272,94,367.185465
223.850681,103,367.246808
208.618713,91,367.297413
221.82499,96,367.356599
248.325352,127,367.437299
105.752903,59,367.472642
221.371512,100,367.530641
213.935781,95,367.587266
215.962259,94,367.638954
230.227028,107,367.701479
228.363805,107,367.763765
212.873543,102,367.823268
228.889526,99,367.881239
237.181707,102,367.951802
219.437982,95,369.0223
210.658996,96,369.080875
208.941035,96,369.140792
238.582932,106,369.208235
204.268878,91,369.270295
87.584905,50,369.30249
217.809753,97,369.361911
216.009098,94,369.417292
230.462339,105,369.480202
157.925573,81,369.530177
229.473291,102,369.591079
216.239687,100,369.649947
234.086799,103,369.710333
220.691204,98,369.772825
103.517887,58,369.817003
219.257643,99,369.88636
227.01188,102,369.950314
236.294806,102,370.014676
231.953566,103,370.08391
240.204984,110,370.153408
157.6189,78,370.201766
224.731296,99,370.263798
210.356725,95,371.495334
212.286219,95,371.563705
239.172447,117,371.643545
220.133544,99,371.707044
236.284544,110,371.786136
219.47967,108,371.874175
227.121135,104,371.954508
206.501618,95,372.025491
229.680731,106,372.109407
228.483628,102,372.180514
213.808324,95,372.246217
207.004646,98,372.31096
220.084644,104,372.377294
218.910431,107,372.443862
208.957724,99,372.504829
213.291769,98,372.565531
228.641818,97,372.625073
205.866209,95,372.683068
226.787466,106,372.746082
254.26074,116,372.816423
219.584289,98,373.892709
211.171213,96,373.95275
226.639237,104,374.015417
219.396818,96,374.073289
226.405384,100,374.136743
231.560746,104,374.197783
228.39358,103,374.258098
224.721262,105,374.319417
226.238643,101,374.377631
227.480386,103,374.438292
222.147256,106,374.498576
220.537424,100,374.552878
214.462706,99,374.608134
182.398357,86,374.659549
73.054168,45,374.684988
236.120277,110,374.749277
140.590409,72,374.793372
224.863357,103,374.854295
224.010847,101,374.911432
224.401623,102,374.971572
201.304808,92,375.022497
243.449489,105,376.252441
222.44585,102,376.330243
222.394226,97,376.402082
234.871495,104,376.476827
245.412161,108,376.551258
82.404786,48,376.581334
259.496728,109,376.650793
227.084427,103,376.714636
188.530317,88,376.768386
228.27284,104,376.832845
84.326596,49,376.863119
237.368853,113,376.9295
218.957755,103,376.991927
215.599037,94,377.050628
222.460492,98,377.106915
216.796411,98,377.164813
247.767344,114,377.23318
240.37928,114,377.29931
160.477273,81,377.345512
241.361521,109,377.409347
233.394172,105,377.470023
221.508876,99,378.505961
230.989591,109,378.583733
73.015229,44,378.613794
246.767912,106,378.681706
221.640096,97,378.743675
230.97057,101,378.805471
274.238515,113,378.871949
230.286496,106,378.933527
223.951787,101,378.991099
252.96667,109,379.053131
216.830708,98,379.107683
225.086221,105,379.168926
233.117662,102,379.228119
222.052402,100,379.286682
213.95262,101,379.348283
245.879807,107,379.409415
228.89865,106,379.470969
156.47394,78,379.516617
235.134966,105,379.575971
224.012896,104,379.631319
248.841673,107,380.778754
238.731127,105,380.855509
237.678816,106,380.934201
266.447649,116,381.01335
244.840427,107,381.083788
251.751083,118,381.156029
221.561974,100,381.217327
258.032925,120,381.288368
223.238131,101,381.346357
267.110598,124,381.418689
275.724677,119,381.488379
250.522822,106,381.550333
227.065529,106,381.610478
315.602427,127,381.685396
273.412828,115,381.750089
244.095875,107,381.809509
302.3502,128,381.880583
230.915258,101,381.936466
225.290502,103,381.995002
234.597116,111,383.109167
298.337648,114,383.216247
226.417436,106,383.30618
298.623732,122,383.402284
252.609069,106,383.484204
232.592759,112,383.56752
102.319461,55,383.603704
226.855416,106,383.675141
299.838083,119,383.752075
218.638597,98,383.813569
245.109908,109,383.879626
259.007849,113,383.951428
293.451394,120,384.025545
206.167395,92,384.082233
221.007313,103,384.14558
220.287262,101,384.205956
216.824956,97,384.263408
233.312635,102,384.325525
215.279226,101,384.380834
202.466188,91,384.445433
239.731611,107,385.479333
265.752532,122,385.556835
288.676032,126,385.637085
230.148739,102,385.699342
282.323626,117,385.782422
330.12549,141,385.862701
321.314029,133,385.939798
241.909109,110,386.007084
252.396101,113,386.071496
266.875926,119,386.138758
248.837567,107,386.199807
311.13337,139,386.280781
300.58412,120,386.350687
320.22399,132,386.426887
281.045345,115,386.497056
253.006594,111,386.562597
313.46474,125,386.631908
292.605714,117,387.85639
336.935107,130,387.957284
345.065544,131,388.045244
332.22733,140,388.134859
248.344741,111,388.205293
325.012681,136,388.291086
210.304992,96,388.349597
313.533882,134,388.43932
530.037023,189,388.577939
167.949805,84,388.630437
265.941396,113,388.699334
289.182866,119,388.775313
336.839069,132,388.852365
305.547277,136,388.93106
360.204192,130,389.002304
313.993596,129,389.078876
271.520965,113,390.12454
286.969749,117,390.209794
302.747916,125,390.292312
326.588287,131,390.376871
275.358152,121,390.450106
283.769903,117,390.51879
317.342239,136,390.602271
314.462405,124,390.687028
307.65009,133,390.797482
342.36209,142,390.904206
298.303801,125,390.991024
283.086562,133,391.085864
319.577858,134,391.175597
310.346522,120,391.252423
321.500646,133,391.337601
409.004049,148,391.429695
358.892319,140,392.559438
298.689786,123,392.649645
319.072026,126,392.728934
339.549817,126,392.802233
340.328012,127,392.875053
336.153233,138,392.962688
311.963916,123,393.035927
326.56844,135,393.112008
326.284952,127,393.17933
286.706794,122,393.246012
303.565097,120,393.316355
310.21662,128,393.389471
497.680484,177,393.485394
332.807696,131,393.56284
319.343745,129,393.635668
326.953195,133,394.827452
391.086423,155,394.957461
376.964565,134,395.05564
511.270559,179,395.179804
356.457122,140,395.271291
360.1871,138,395.360629
354.404576,142,395.448442
316.179994,135,395.536287
355.520619,136,395.619668
516.108852,182,395.728055
306.26078,126,395.812264
320.576633,133,395.892227
340.400233,141,395.976136
662.390839,228,396.112833
467.916401,174,399.279852
180.849994,90,399.348277
378.295119,147,399.454944
394.243459,152,399.557861
423.667224,158,399.660668
381.301444,145,399.790931
289.654426,113,399.964019
227.596856,101,400.083652
277.253321,120,400.326837
342.547639,142,400.536566
335.855156,130,400.653875
188.017684,92,400.735006
318.320534,132,400.908227
536.022536,184,401.081098
405.277963,159,401.2071
216.948367,97,402.690403
364.78233,141,402.805544
328.667116,139,402.926864
390.358704,146,403.035944
331.181338,142,403.131609
190.643693,89,403.196083
199.030939,93,403.256682
521.986463,179,403.375587
379.816914,150,403.471493
397.784013,139,403.555064
146.722473,72,403.598289
404.661132,144,403.701163
392.777802,141,403.792833
430.400706,170,403.892165
300.374155,123,403.969756
365.354629,149,405.338316
345.509744,136,405.498484
497.841748,171,405.628588
349.787202,141,405.726998
375.888407,140,405.819715
585.305232,195,406.015006
373.736674,136,406.116245
447.38073,162,406.212392
398.248689,158,406.348138
186.934052,90,406.4061
269.619995,116,406.535107
446.356377,161,406.659663
531.111145,198,406.815202
329.604573,139,406.903445
386.211191,149,408.194037
588.21749,197,408.354485
346.176759,124,408.441041
213.161997,100,408.516886
529.195137,192,408.646526
654.256742,223,408.794292
429.652842,147,408.885082
473.69108,180,409.004914
220.498074,113,409.073272
429.471924,172,409.180098
528.261478,193,409.292262
320.015845,133,409.384426
463.712477,174,409.538538
547.456562,195,410.927465
543.009635,187,411.078886
447.871741,164,411.188415
535.532598,200,411.312909
253.238517,116,411.386042
600.406766,211,411.515276
225.476156,116,411.582702
477.464439,183,411.710109
247.368008,103,411.783917
253.926936,123,411.887305
342.847349,128,411.980467
446.713903,163,412.116441
330.781649,143,412.220289
351.503548,142,413.749317
370.102847,141,413.860912
444.667217,175,413.971356
599.347823,196,414.111372
545.704327,186,414.221467
440.920704,164,414.350762
290.366666,125,414.428478
450.441004,164,414.532876
307.742421,136,414.614892
418.994673,168,414.718225
575.390311,190,414.880556
695.911083,230,415.024174
306.38915,123,416.342903
352.032683,139,416.443457
261.620837,110,416.518504
631.12691,237,416.673766
366.816953,145,416.763817
451.932869,168,416.86686
253.257688,120,416.939267
485.925461,167,417.038692
570.229498,214,417.162205
303.249423,137,417.243504
366.712731,136,417.322141
285.588267,126,417.400043
381.009975,142,417.482871
520.405222,189,418.54563
725.704563,252,418.712135
571.116998,201,418.837259
425.089379,161,418.937815
599.160914,204,419.068985
355.699725,129,419.143509
553.500858,210,419.258908
565.464118,214,419.42108
403.383103,143,419.523404
542.221409,194,419.646993
583.468353,199,419.770346
358.273523,135,420.86689
309.261786,121,420.953237
291.284109,127,421.040371
327.632633,126,421.123832
569.875526,201,421.23834
360.092753,140,421.326112
381.642041,140,421.406009
606.870649,203,421.529025
385.388636,141,421.610624
536.493938,183,421.710738
645.183186,213,421.835096
617.551686,212,421.958073
736.116648,276,423.443842
413.708068,138,423.617162
590.080589,198,423.830127
641.274743,231,424.034841
528.791454,183,424.161142
441.7285,207,424.32671
1185.429589,425,424.64019
385.016972,152,424.752687
232.312744,104,424.822531
522.607815,187,424.942588
514.756217,183,425.05414
652.607642,218,426.16008
629.933544,220,426.310165
315.141155,127,426.394614
640.73387,211,426.525985
159.051547,88,426.579559
577.569887,212,426.700815
593.37142,214,426.823782
378.138448,143,426.90829
595.592692,211,427.058214
561.471248,195,427.202908
443.214429,154,427.308967
617.195748,208,428.499261
521.213696,172,428.615567
745.692285,259,428.795264
656.159978,223,428.925645
380.530738,137,428.999291
835.188624,278,429.148921
594.458666,202,429.27757
252.153324,118,429.356198
607.26609,214,429.491451
442.040061,158,429.578136
457.969064,151,430.758361
537.938216,194,432.931063
375.10268,147,433.047705
542.932575,180,433.190282
598.289875,206,433.41517
483.669681,177,433.52664
474.762067,186,433.641586
646.637217,215,433.774135
545.483581,198,433.889994
439.144261,166,433.990155
385.439597,154,434.082331
626.960412,208,434.20256
566.625306,194,435.244176
527.830602,188,435.368571
390.916537,136,435.453241
807.206323,265,435.607814
850.177098,281,435.76263
563.625678,199,435.875681
592.13213,202,435.995383
581.552536,204,436.130844
658.917934,235,436.273284
469.399231,168,437.499107
559.977066,193,437.636258
308.821308,121,437.720526
368.469108,151,437.819606
292.99538,134,437.922239
742.687124,234,438.135189
580.638636,210,438.355809
109.850953,63,438.424336
475.177454,173,438.604941
452.333137,175,438.797871
491.682794,170,438.911668
510.482944,189,439.038605
123.717626,66,439.07935
135.535666,78,439.125317
700.923892,264,440.805845
597.789632,205,441.030129
609.529331,195,441.221029
481.684065,172,441.348058
1035.650737,382,441.634981
611.510497,221,441.808395
639.780241,199,441.981592
941.803793,323,442.182492
653.197276,224,443.490682
541.64812,198,443.645083
506.074664,182,443.76202
631.037497,217,443.916215
622.843431,215,444.114256
611.520207,198,444.276269
579.809668,198,444.433743
377.965238,163,444.542674
351.65184,149,444.639181
570.478407,181,444.756877
594.262356,204,444.885429
591.96855,181,446.073323
754.945391,272,446.2385
613.779531,210,446.360049
580.399782,190,446.463946
562.116862,208,446.580892
792.891,284,446.755813
519.026488,183,446.860133
629.873649,250,447.000248
534.246185,192,447.105997
1174.511493,398,448.584663
519.297956,195,448.851288
521.862914,185,449.098223
686.720765,229,449.290308
407.614534,164,449.405399
575.986205,212,449.5503
308.818041,130,449.647091
525.844276,177,449.755518
468.58001,170,449.851516
169.19817,79,449.900357
542.542371,193,450.072499
515.33552,184,451.548082
422.920164,150,451.736591
530.926896,187,451.94962
592.542779,202,452.121522
552.098496,199,452.274133
453.376289,153,452.391677
444.287776,153,452.501505
238.788548,120,452.608231
755.944372,242,452.926341
630.956395,207,453.098237
741.594329,243,453.267814
563.028071,202,454.744826
534.438227,179,454.887009
521.60838,184,455.006581
497.51561,179,455.114335
535.86335,177,455.248913
871.942445,278,455.501486
498.186587,185,455.633114
127.541912,70,455.680016
749.594654,252,455.865083
898.802192,271,456.076634
225.241509,107,456.141333
240.660483,106,457.389012
572.008157,200,457.538226
309.124969,141,457.615891
129.75743,71,457.653842
118.380425,68,457.691484
543.250734,178,457.790245
634.739328,213,457.957002
636.078659,207,458.110679
1133.492663,385,458.34061
963.327466,316,458.535232
865.620821,282,459.911626
571.158315,197,460.056399
832.259693,272,460.232916
478.28417,180,460.34667
441.214427,168,460.448537
592.304651,190,460.566759
720.028065,240,460.724625
1023.790379,350,460.941349
463.73952,165,461.034615
619.899998,214,462.159866
669.056604,252,462.339521
525.053188,181,462.455678
1088.607949,369,462.690554
722.527401,233,462.827744
1090.295868,360,463.037372
473.616469,174,463.144496
602.460016,203,463.266495
537.180561,193,463.426162
723.36081,234,464.780951
1247.780683,500,467.178686
596.060637,212,467.332356
699.747768,251,467.481094
392.274568,133,467.557553
1046.292855,395,467.780065
983.457836,337,467.967808
144.888831,82,469.048529
618.311416,219,469.242328
1323.194314,444,469.593651
603.071957,195,469.750199
708.839512,227,469.924666
129.819946,73,469.97278
1116.795492,377,470.199356
664.380978,244,470.338135
165.880855,89,470.388275
129.332893,69,470.426991
104.088167,57,470.459156
124.735005,66,471.551002
119.979518,64,471.597144
779.763287,254,471.772967
1013.149724,326,471.974691
496.846188,158,472.068963
1326.032806,500,472.364517
700.896447,216,472.501418
1315.832624,451,472.815066
694.600066,233,474.267515
101.270234,56,474.324899
547.300693,183,474.534468
460.946608,191,474.648955
332.640783,135,474.752124
384.117198,129,474.837108
666.395502,221,475.080683
531.028836,183,475.220215
1368.553,476,475.539456
591.75152,206,475.661319
740.778016,243,477.245935
595.166656,198,477.407141
591.559477,202,477.592641
468.577902,149,477.709487
768.080436,268,477.961581
508.768343,159,478.087835
565.197326,195,478.234954
664.315864,217,478.455023
925.089,308,478.719243
1209.329633,412,480.546085
813.052854,268,480.803341
565.531078,194,480.965088
684.250615,224,481.164201
979.279161,362,481.41559
538.862482,183,481.543448
546.5834,189,481.691231
816.278601,269,481.885483
1157.675615,397,483.643992
1122.831619,500,484.047993
183.899124,100,484.132952
805.512903,261,484.355368
371.02698,132,484.447947
597.295581,177,484.566916
856.563976,282,484.760332
758.844829,254,484.924652
651.365226,241,486.245774
1071.661684,346,486.552145
585.309377,188,486.726998
1271.764173,407,487.003641
694.797592,227,487.142433
622.308378,208,487.270025
242.753429,102,487.333251
626.286182,207,487.472956
1012.378383,335,489.174221
648.174625,214,489.324116
484.402345,172,489.440205
737.311334,247,489.592479
1238.190917,500,489.970593
743.422728,225,490.168388
1247.945675,425,490.444172
508.388886,174,491.948315
1091.197664,407,492.236856
155.483804,86,492.29212
857.203376,288,492.468641
570.810926,181,492.575192
1307.230651,430,492.848475
1140.391266,398,493.098442
468.595341,147,493.18982
621.153792,217,494.768831
584.506783,188,494.927947
756.705928,253,495.235975
311.518082,138,495.364125
531.048479,171,495.536739
834.700754,292,495.930958
1256.779343,500,496.389852
523.909018,186,496.5554
827.238559,266,497.9637
1092.540524,402,498.344157
811.732229,274,498.552255
920.446082,317,498.767277
498.647454,177,498.901237
496.873517,151,499.039598
935.5829,330,499.333677
611.615293,185,501.49297
310.787446,134,502.985917
872.405801,276,503.174261
757.311687,256,503.32462
938.994621,315,503.547409
701.854616,208,503.685169
462.119189,170,503.842852
710.763139,227,503.997838
792.402506,241,504.183451
855.658772,299,504.373543
854.302718,293,505.996808
630.838007,242,506.188334
1104.375389,369,506.453414
773.673442,256,506.636322
129.883185,69,506.677771
133.902979,72,506.719285
116.492332,63,506.758821
129.489293,70,506.812542
123.46434,67,506.865758
278.801471,131,506.957199
694.207785,222,507.122242
681.399553,225,507.276377
559.985914,196,508.687118
899.126154,297,508.919152
958.155459,307,509.132897
1213.111718,456,509.413737
118.427933,63,509.451472
527.859959,175,509.55596
332.435456,133,509.648978
806.024572,298,509.839778
900.086418,295,511.076563
1244.595824,500,511.396144
682.519046,224,511.536495
1304.761725,500,511.857526
1320.84676,500,512.282403
757.917848,259,513.616318
468.160675,176,513.754684
286.888145,125,513.836722
498.966228,152,513.938093
604.104989,198,514.064805
1115.713998,381,514.300225
279.84454,108,514.366594
256.775418,128,514.441697
539.944284,181,514.545772
149.333622,77,514.595013
619.037398,202,514.716849
1323.65969,484,516.084622
735.196478,271,516.334344
597.465706,219,516.511252
765.817078,248,516.693362
611.166637,214,516.845853
767.803705,245,517.017591
768.057062,264,517.196356
146.180339,80,517.248113
985.748806,329,518.590662
785.009482,249,518.763748
472.498882,148,518.859865
568.181777,186,518.986674
1056.661998,398,519.245577
385.049367,151,519.359242
588.736894,215,519.518527
864.807211,275,519.693134
398.457248,162,519.795363
942.993592,319,521.25619
653.239303,209,521.412391
573.896858,177,521.527121
1050.624553,351,521.751781
510.675642,173,521.855792
1303.05334,485,522.162362
647.283922,208,522.29027
714.620308,224,522.440733
374.463219,166,523.615512
589.648132,177,523.746949
365.573502,161,523.913129
304.322156,119,524.021982
938.400879,341,524.293004
820.755217,313,524.527682
653.997116,208,524.694201
722.545089,246,524.869685
454.705104,154,524.980999
761.186382,259,526.246019
576.021622,246,526.428048
627.789378,202,526.579695
829.852147,259,526.772094
888.021304,310,526.992656
630.283446,211,527.140376
963.699811,311,527.341331
875.868842,287,527.568426
552.914517,188,527.724872
442.882582,162,529.278484
1012.44181,346,529.535715
800.792531,255,529.696157
196.337035,97,529.758219
921.158812,310,529.94796
554.163999,171,530.044738
724.902493,226,530.169676
548.110323,180,530.279001
808.274357,257,530.426895
598.59543,209,531.829476
1513.306026,500,532.271918
858.349382,288,532.465651
687.6267,231,532.606461
579.939688,182,532.715202
640.119696,223,532.849398
687.410033,207,532.967751
787.637582,229,533.098738
1117.104908,362,536.543185
743.883186,242,536.716648
676.145748,225,536.896161
759.616627,241,537.077536
590.165554,192,537.252051
563.064488,174,537.401307
757.644961,247,537.602564
574.423548,181,537.725036
1018.619474,344,539.169261
865.114256,274,539.356501
483.084636,168,539.463264
478.673485,148,539.556135
701.843506,232,539.735788
1319.196037,500,540.094956
652.832346,212,540.219863
708.229738,209,540.335232
1331.028709,500,541.789342
628.406575,191,541.9711
980.348098,306,542.17767
734.435286,243,542.321174
1189.028566,367,542.527024
1241.250634,500,542.803264
404.270987,134,542.875315
717.150268,221,544.054793
742.36256,243,544.20733
1185.86506,357,544.415013
738.419343,228,544.541585
686.03134,216,544.673824
1030.31794,340,544.903383
725.815631,223,545.044793
874.768857,277,546.566416
985.357715,317,546.763051
690.082396,207,546.924984
1339.739616,424,547.280737
861.7896,277,547.477566
752.953559,226,547.648654
1017.062502,328,547.847165
853.461064,259,549.482067
935.033514,299,549.730074
1450.433411,500,550.090112
500.667322,155,550.203222
1183.741077,379,550.51861
549.356206,193,550.673416
808.194232,264,550.850508
391.070618,131,550.92444
1280.577672,392,552.247141
900.572195,275,552.551713
888.823935,275,552.809913
1138.033187,368,553.126761
726.070716,219,553.280716
979.869018,307,553.491803
968.42987,321,554.600258
406.619688,163,554.720358
904.586577,271,554.920135
1314.438837,500,555.285825
288.494557,131,555.374768
791.916445,239,555.52828
1008.155794,296,555.726785
290.815677,127,555.824157
1235.175906,371,557.253679
825.599435,252,557.427533
929.61808,304,557.627306
813.663245,256,557.78691
725.726811,240,557.926646
540.852752,221,558.048822
1506.300818,500,558.322915
916.144218,287,559.680865
708.735593,231,559.893112
883.665123,281,560.06977
1335.550327,500,560.421218
1292.915895,500,560.772404
1056.460526,320,560.972153
776.313274,244,562.172196
1007.334614,309,562.374798
796.497691,257,562.529229
703.038859,208,562.644653
1053.938749,340,562.835914
847.301545,273,562.98331
1066.257889,346,563.16812
920.037678,315,564.485369
832.221401,253,564.656206
1263.300417,379,564.886439
743.978465,222,565.013647
1158.225781,341,565.215229
725.262588,233,565.351027
778.329953,250,565.493438
604.30303,183,565.592978
1069.981159,348,566.8931
1298.377422,416,567.144104
959.507696,298,567.312188
660.692294,206,567.432945
655.295445,198,567.546745
739.076714,227,567.683085
632.911522,195,567.799399
1127.304603,348,571.469596
766.570483,236,571.633596
1365.823268,434,571.8965
975.014324,308,572.088288
619.529231,185,572.223288
1281.913944,418,572.709389
1061.445451,313,573.064247
824.041711,237,575.102767
771.554864,232,575.269302
874.459357,262,575.43067
162.170794,78,575.475934
829.809251,260,575.658045
731.610799,224,575.799121
782.508348,240,575.941509
795.239471,250,576.081369
638.072144,195,576.19057
1137.820898,415,577.820502
857.876425,267,578.016788
838.009364,249,578.194095
788.562721,250,578.462107
1502.721259,500,578.819258
812.291995,252,578.984316
816.739779,248,580.220454
746.548106,249,580.418166
1130.567789,345,580.658716
1431.73656,500,581.084227
878.302767,286,581.304643
613.737899,183,581.446949
623.03057,198,581.579578
1162.790709,349,583.122051
824.375769,256,583.280921
636.759612,192,583.42134
771.071337,234,583.603874
850.036752,265,583.831183
598.242308,190,584.012226
1408.843927,500,584.432603
990.488529,304,584.664161
704.48374,225,586.117483
775.415642,238,586.282525
1551.268793,461,586.599141
1005.169063,302,586.78371
1369.796263,442,587.045252
349.330094,139,587.122856
869.093762,269,588.35425
849.151155,260,588.677419
910.186254,273,588.923378
252.430926,106,589.020546
746.892632,229,589.187192
1104.307293,338,589.404546
797.334345,244,589.572746
969.072313,288,589.758382
1039.063855,310,591.101526
1418.861087,436,591.426588
1000.908514,311,591.627507
822.963515,246,591.788588
871.843239,269,591.974372
805.462262,239,592.117909
1032.649444,312,592.346185
638.966295,202,592.512417
661.21769,199,593.916707
980.471315,336,594.148531
1350.146696,500,594.468536
1016.195435,316,594.685128
829.692797,254,594.828129
1266.749299,500,596.155549
1468.099426,470,596.607416
607.806146,191,596.762778
825.40153,246,597.006134
1404.049133,433,597.334908
873.875816,271,597.504591
1048.61528,312,597.712848
1401.80188,500,599.15287
1334.05025,426,599.428877
1412.358139,500,599.741134
1415.030931,500,600.144546
763.076497,231,601.610746
996.770617,298,601.826258
807.09838,251,601.996855
1677.12458,496,604.335316
1333.738857,418,604.593681
530.328178,182,604.718425
823.673355,253,604.903772
1409.198898,500,606.547181
1538.482827,500,606.88245
1587.738694,500,607.228062
1249.763016,391,607.474639
1302.799545,398,609.10794
809.273432,247,609.304249
1364.086522,413,609.574635
1537.011577,500,609.942304
939.317385,291,610.217792
1353.232419,415,610.507327
711.797427,221,611.717188
1093.972368,328,611.911886
734.126859,228,612.033112
1131.512363,335,612.220519
1067.2626,319,612.39866
906.878791,273,612.551905
626.111316,184,612.650967
753.941514,234,613.931964
899.870244,280,614.146791
1385.841486,426,614.444564
1192.381269,374,614.7039
1399.118384,450,614.996716
633.040196,201,615.143717
828.292817,248,615.30407
750.862721,238,616.475655
1144.482233,349,616.746186
1055.91905,326,616.951545
1383.690732,420,617.203285
994.60906,328,617.458112
1169.542442,349,617.704902
1306.854135,392,619.042068
845.629059,256,619.202108
1041.319582,309,619.451332
863.069732,265,619.647741
1075.115412,325,619.841185
731.967342,233,619.983987
797.891966,243,620.126496
778.327292,240,621.402492
784.717882,232,621.562884
711.22226,227,621.731664
1131.000897,347,621.98901
1303.179523,397,622.249282
1259.084018,374,622.468365
823.655132,259,622.617941
761.056113,235,623.962502
1132.916342,346,624.215519
624.365911,202,624.354211
790.975883,246,624.513878
1632.981858,484,624.823455
367.331681,145,624.914722
645.578269,201,625.04633
666.711388,205,625.173803
1117.128216,341,626.747691
885.424009,268,626.924811
1188.618941,357,627.139222
1361.716177,406,627.364874
1344.38569,397,627.583622
1369.245514,403,628.927263
1460.105453,433,629.262386
1393.679649,500,629.57881
869.791858,264,629.737351
859.955589,260,629.889458
741.35136,227,630.020245
1415.815836,500,631.281873
1450.46976,500,631.698157
802.265203,233,631.925511
860.243923,268,632.096955
675.331385,209,632.22767
826.196975,248,632.378604
825.800415,236,632.598401
1060.987481,310,634.180804
809.856728,242,634.340527
1544.177915,475,634.609627
719.517341,220,634.740957
745.765738,228,634.863258
1544.702621,500,635.151012
783.760093,236,635.296014
790.589755,244,638.534953
851.129048,256,638.695145
659.289272,202,638.814969
1509.975671,458,639.066434
1555.142414,500,639.347094
943.595267,275,639.499684
746.505587,230,640.732694
1218.566907,380,640.993162
1177.166547,345,641.195003
895.255175,271,641.345659
1179.876841,347,641.55113
1153.743437,342,641.755566
889.640744,272,643.128516
1339.348379,399,643.398638
1116.775793,338,643.619344
1100.782691,335,643.821074
1069.896084,328,644.023099
384.871789,147,644.105573
773.898373,251,644.249295
874.208871,266,645.394793
1076.346589,327,645.641609
809.179455,241,645.806654
1376.610864,409,646.065846
767.383179,229,646.200329
655.04761,205,646.314647
682.868611,224,646.439531
1421.915439,418,647.789071
1200.193209,366,648.056709
854.989713,252,648.2992
708.106733,219,648.487933
989.303168,328,648.717821
1396.247236,415,648.969588
1063.553123,317,649.224694
1165.621095,358,650.753197
1157.095904,351,651.005984
1133.403918,349,651.28364
741.641736,213,651.445808
1022.660131,292,651.634913
1535.591619,500,651.947843
1515.125011,446,653.350121
1533.883891,469,653.627076
899.287698,277,653.794793
1486.651277,500,654.072855
1516.110226,500,655.43715
1571.931075,464,655.74092
1159.543027,346,655.941375
1042.964327,306,656.115391
890.855179,270,656.266037
1454.038267,443,656.5178
855.832052,255,657.679074
817.089674,239,657.833259
1346.462808,500,658.125547
1208.378176,391,658.342415
1076.413138,324,658.531314
128.951108,67,658.571125
1375.630372,500,659.953335
1410.365902,439,660.253183
1464.428865,433,660.52518
1557.904184,500,660.819943
780.845471,232,660.948184
1441.615009,430,662.383201
1144.617183,356,662.652346
1564.830616,500,662.968331
1193.008785,345,663.181721
1329.470084,421,663.432747
1381.056228,425,664.910705
1607.549606,500,665.313781
894.862826,264,665.501558
769.173632,238,665.656702
1497.933444,500,665.985889
829.088947,247,666.144349
846.125947,245,666.294325
1551.336892,500,667.556333
1540.306992,500,667.84283
1418.261848,429,668.07841
892.80625,268,668.21968
859.004689,249,668.351996
1486.325218,500,1147.826069
1485.864142,500,1149.181177
1476.534271,500,1152.704652
1496.257221,500,1156.462047
1484.185307,500,1160.937982
1482.073522,500,1165.541469
1483.93375,500,1170.042223
1482.597235,500,1174.486679
1477.512878,500,1178.963883
1488.164884,500,1183.572824
1473.249162,500,1190.127964
1483.031738,500,1194.536798
1478.829024,500,1198.93242
1488.838801,500,1203.379329
1479.891582,500,1207.856097
1478.612921,500,1212.33553
1474.433985,500,1216.820378
1484.479725,500,1221.640877
1483.781384,500,1225.798944
1480.659569,500,1230.319852
1472.093694,500,1234.131199
1482.430365,500,1235.457751
1485.80373,500,1236.510375
1483.649483,500,1237.471322
1487.211791,500,1238.338491
1481.184683,500,1239.122089
1474.22117,500,1240.023348
1480.604955,500,1240.966654
1482.191004,500,1241.845342
1486.423527,500,1242.684476
1482.683369,500,1243.557126
1477.476408,500,1244.465439
1479.166426,500,1245.33902
1483.452682,500,1246.182557
1487.97832,500,1247.012887
1480.637589,500,1247.980471
1494.971975,500,1248.966297
1478.509039,500,1249.817562
1472.291476,500,1250.582792
1476.369771,500,1251.464244
1493.339616,500,1252.41461
1483.559609,500,1255.094578
1488.325331,500,1255.524209
1475.933918,500,1255.902184
1476.178513,500,1256.335949
1471.504711,500,1256.851911
1483.99162,500,1257.464429
1488.845978,500,1258.281934
1484.797718,500,1259.082345
1477.763686,500,1259.862809
1483.927175,500,1260.731382
1483.377257,500,1261.701609
1483.331263,500,1262.597618
1484.082995,500,1263.428019
1483.878825,500,1264.2589
1487.042626,500,1265.120095
1481.558916,500,1266.016616
1472.380412,500,1266.889725
1488.750741,500,1267.672623
1485.682316,500,1268.524641
1495.109406,500,1269.491411
1479.196255,500,1270.354296
1486.100847,500,1271.176782
1478.856963,500,1272.053402
1491.013409,500,1272.991105
1481.852,500,1273.856789
1489.148637,500,1274.670619
1487.416596,500,1275.500432
1481.35388,500,1276.423495
1471.712585,500,1277.347575
1487.849176,500,1278.183172
1489.502518,500,1279.001411
1472.752662,500,1279.878624
1489.09413,500,1280.830354
1479.421849,500,1281.678789
1487.863511,500,1282.509747
1483.177284,500,1283.356214
1482.767376,500,1284.356864
1484.558073,500,1285.207119
1477.603445,500,1286.035725
1474.739591,500,1286.889999
1485.17181,500,1289.446037
1484.766707,500,1289.878606
1478.372223,500,1290.343201
1479.888839,500,1290.831627
1482.869832,500,1291.496384
1482.132224,500,1292.103906
1491.121707,500,1292.790174
1477.534574,500,1293.684473
1474.712841,500,1294.648761
1489.381653,500,1295.509819
1479.159406,500,1296.278449
1476.845334,500,1297.165699
1474.618463,500,1298.106668
1491.894714,500,1298.924008
1475.274733,500,1299.730805
1472.19777,500,1300.571538
1483.050327,500,1301.503733
1481.769014,500,1302.324668
1482.946248,500,1303.140399
1510.742445,500,1303.384709
1459.460117,500,1303.616357
1556.013577,500,1303.843704
1463.687013,500,1304.06331
1425.535053,500,1304.300463
1457.350307,500,1304.536064
1529.765462,500,1304.779165
1500.279405,500,1305.050631
1492.55059,500,1305.300673
1477.787646,500,1305.547234
1483.693737,500,1305.783497
1507.268852,500,1306.017813
1502.818381,500,1306.245304
1544.337808,500,1306.481436
1431.890639,500,1306.713036
1524.816051,500,1306.941202
1499.972831,500,1307.170225
1497.449379,500,1307.397546
1501.901369,500,1307.643816
1470.120561,500,1307.880461
1481.118453,500,1308.116258
1494.980792,500,1308.352711
1485.546815,500,1308.624761
1473.374776,500,1308.890164
1414.266011,500,1309.141608
1481.096856,500,1309.382737
1502.835491,500,1309.630106
1484.622424,500,1309.866215
1554.319369,500,1310.101177
1521.577939,500,1310.334586
1491.910578,500,1310.560789
1467.629235,500,1310.79421
1495.473451,500,1311.026089
1555.813565,500,1311.248294
1454.135993,500,1311.467403
1530.748116,500,1311.702286
1502.329284,500,1311.938849
1501.650699,500,1312.163447
1495.725158,500,1312.414483
1545.760054,500,1312.67934
1464.668001,500,1312.923574
1503.597772,500,1313.162103
1484.770284,500,1313.395701
1433.770785,500,1313.630419
1493.988373,500,1313.866633
1457.150838,500,1314.101237
1547.592666,500,1314.42694
1459.761804,500,1314.664637
1512.148873,500,1314.891942
1432.409148,500,1315.119648
1500.28853,500,1315.347569
1482.722047,500,1315.575425
1503.675939,500,1315.814533
1496.528503,500,1316.047914
1446.087966,500,1316.293182
1482.251662,500,1316.535572
1431.468007,500,1316.775216
1471.369409,500,1317.009342
1470.216405,500,1317.249406
1481.761411,500,1317.484683
1504.894081,500,1317.72558
1483.432093,500,1317.970021
1554.263461,500,1318.197866
1436.160947,500,1318.422309
1515.955555,500,1318.652025
1472.741074,500,1318.879558
1499.051777,500,1319.118865
1517.821911,500,1319.346158
1546.551557,500,1319.572274
1481.670228,500,1319.810528
1526.290521,500,1320.07602
1510.349342,500,1320.349904
1551.584208,500,1320.597065
1503.69495,500,1320.838469
1553.887742,500,1321.073619
1494.640499,500,1321.307149
1557.713292,500,1323.519998
1475.743782,500,1323.753683
1506.378312,500,1323.993008
1496.385631,500,1324.223383
1442.648981,500,1324.453195
1459.234307,500,1324.681424
1492.015246,500,1324.912368
1485.183291,500,1325.141167
1431.037522,500,1325.373689
1504.850034,500,1325.60523
1530.565168,500,1325.890265
1516.822798,500,1326.168408
1549.743047,500,1326.424164
1473.931166,500,1326.669713
1494.842499,500,1326.912941
1536.373275,500,1327.161732
1453.375678,500,1327.406637
1445.382181,500,1327.647375
1432.72019,500,1327.899179
1478.962006,500,1328.140689
1545.175515,500,1328.383694
1542.731758,500,1328.623782
1521.379168,500,1328.866683
1498.173262,500,1329.107256
