#{"t_start": 1736594988.7943873, "env_id": "CustomHopper-target-v0"}
r,l,t
15.684967,18,398.563511
13.251753,18,398.589745
15.985343,23,398.607482
5.22347,20,398.621936
19.496975,24,398.638997
13.282216,22,398.657081
69.062484,41,398.684116
15.645287,21,398.698621
5.222275,12,398.710876
12.254641,13,398.73139
13.913832,15,398.746294
8.580861,10,398.757218
8.587088,11,398.770891
23.933419,23,398.793326
5.604984,9,398.803912
6.402692,12,398.814906
8.673076,13,398.826429
11.37306,16,398.842243
5.44532,12,398.852566
12.94995,15,398.862662
12.985465,16,398.876204
9.531551,13,398.886823
6.463545,9,398.892619
9.962425,25,398.912239
10.251294,14,398.921513
13.934873,15,398.930927
5.261252,11,398.937715
5.233414,8,400.437735
11.587341,14,400.446786
8.073896,11,400.453894
14.1386,15,400.463345
19.317134,20,400.474945
7.393994,10,400.480927
23.316719,27,400.497278
8.170634,12,400.504655
36.848716,41,400.530689
6.156298,9,400.536532
9.388709,11,400.543129
20.99729,24,400.557539
25.788615,23,400.571142
12.970352,18,400.580932
8.825835,15,400.590986
6.571488,9,400.596122
6.816475,10,400.603364
6.737812,11,400.609118
24.051656,23,400.623377
10.382285,13,400.631473
11.343664,13,400.639249
13.720538,17,400.649985
27.791051,37,400.671622
20.731565,20,400.684071
9.594711,11,400.691592
7.752171,10,400.699223
13.158238,14,400.707543
21.807024,33,400.748779
29.344331,48,400.800317
7.101098,15,400.811796
9.592139,11,400.819553
20.427311,25,400.836816
9.396705,20,400.849779
8.595558,11,400.856847
7.37208,9,400.862342
5.894369,8,400.867002
15.787292,17,400.877246
53.024708,40,400.903933
9.114658,13,400.912495
6.492304,9,400.917526
17.518086,20,400.928594
6.027352,20,400.940913
12.720333,15,400.950395
19.303295,32,400.96962
8.683352,16,400.981843
10.136903,13,400.993073
6.171736,19,401.008708
13.423129,14,401.018417
6.620675,31,401.049871
12.487769,16,401.059555
16.476695,21,401.07704
27.608891,26,401.096822
9.503898,27,401.115884
49.031367,37,401.1443
10.146705,13,401.153697
8.525918,10,401.160406
7.422875,11,401.168
7.845445,12,401.175756
10.901157,13,401.18307
14.769097,21,401.197226
21.165502,31,401.217762
6.609179,9,401.224824
7.856154,12,401.233593
9.894615,12,401.242953
5.090419,13,401.251556
8.836762,22,401.26991
19.444464,19,401.280685
15.192473,17,401.292658
8.544203,10,401.301808
37.81544,27,401.320264
10.577647,16,401.329671
15.804869,18,401.341455
9.879872,14,401.350571
5.751712,20,401.365121
8.518911,14,401.373524
6.767318,12,401.381307
8.628186,12,401.389922
10.81844,14,401.397906
25.944375,23,401.410547
10.329411,12,401.417491
14.17188,23,401.431155
11.841743,13,401.437971
4.877933,12,401.444136
9.638927,15,401.452338
6.882324,29,401.467508
29.354399,25,401.480805
10.84256,17,401.490309
5.512223,10,401.495884
23.12377,28,401.510162
18.734917,24,402.653566
9.469039,18,402.668081
62.928422,42,402.696974
26.627106,26,402.714197
15.954737,16,402.724697
14.978945,15,402.738145
18.799461,38,402.764271
16.460174,17,402.776356
50.405402,46,402.806687
17.737546,17,402.816237
20.117779,21,402.828651
11.877147,18,402.84218
10.658385,14,402.851614
10.369056,20,402.8637
39.307408,27,402.880269
156.096821,81,402.925579
13.985365,17,402.935103
11.138727,14,402.942774
14.902865,23,402.955863
22.686373,22,402.967689
146.570256,71,403.005417
16.712669,28,403.024795
9.609055,17,403.035109
6.13404,13,403.043145
34.343461,28,403.060315
6.679662,14,403.067453
90.926584,62,403.146004
14.86111,18,403.162646
8.248235,11,403.170289
24.864788,21,403.18548
7.304209,11,403.193937
96.258973,60,403.241222
15.128559,32,403.262178
9.271273,14,403.271437
22.059764,21,403.284526
17.495553,22,403.29758
17.01527,19,403.310907
6.976473,10,403.317033
175.8912,87,403.370787
9.510446,22,403.384236
167.40336,102,403.443208
10.681948,25,403.459458
29.480972,24,403.472957
6.36261,12,403.479545
21.252301,23,403.491687
17.947167,28,403.506695
16.141056,16,403.515142
28.077657,35,403.535811
26.656107,24,403.550104
25.101105,23,403.564357
14.197484,18,403.576391
7.784839,10,403.582291
25.427695,21,403.595188
82.864318,57,403.625723
15.728445,23,403.639138
12.931666,18,403.649926
32.361419,46,403.675896
6.778417,9,403.680561
7.225108,11,403.686542
21.235521,18,403.698517
108.679923,59,403.729913
6.390142,10,403.735989
8.93528,22,403.74702
7.08669,11,403.753848
9.465955,15,403.762022
15.791247,27,403.776091
9.676476,15,403.785184
15.035248,16,403.794167
26.735147,25,403.811198
20.831686,33,403.870905
40.016185,33,403.909131
10.376856,19,403.924315
25.245467,23,403.940514
60.377057,37,403.966657
17.860859,18,403.979149
7.903575,13,403.989177
60.39017,45,404.959765
103.347814,64,405.006102
21.977115,28,405.023846
10.80172,12,405.033432
10.085584,13,405.043517
35.148534,35,405.067075
13.569041,16,405.077636
36.066115,32,405.095586
118.152039,67,405.131114
107.948164,63,405.167207
29.203595,26,405.182384
18.129902,21,405.194384
14.639852,41,405.215787
20.227314,20,405.227028
86.23338,48,405.258051
128.410759,79,405.306354
25.281804,22,405.320399
103.261367,68,405.362247
115.050553,77,405.413711
51.989369,59,405.473227
79.397256,53,405.522009
69.944775,41,405.552209
167.656749,84,405.614031
12.018216,15,405.624089
9.492533,11,405.631157
35.643747,27,405.648592
87.575549,51,405.680538
18.442466,20,405.695688
66.261098,87,405.751473
35.458665,35,405.77411
74.795136,48,405.80717
10.150356,15,405.816846
15.974634,18,405.830556
35.710269,29,405.84897
13.966725,18,405.86275
21.00202,19,405.874902
35.852681,33,405.895643
26.00287,24,405.91085
13.95177,16,405.91951
20.056608,19,405.931724
113.521068,87,405.988755
120.307714,65,406.037699
15.839735,20,406.055654
57.337451,38,406.086222
97.422307,54,406.12296
20.211675,19,406.14048
107.328879,77,406.186344
11.978038,20,406.201322
18.394817,28,406.219316
203.065237,101,406.283165
55.934957,41,406.309393
51.344152,46,407.376806
90.063465,54,407.41521
86.761135,52,407.4489
92.284963,57,407.498952
58.974981,35,407.520443
21.684578,22,407.534328
85.513138,49,407.564007
113.014859,60,407.603199
84.996049,50,407.650376
36.684503,28,407.668366
124.18929,76,407.717119
122.259308,68,407.762986
67.083622,48,407.795728
12.099199,14,407.805331
54.274903,38,407.831061
68.944156,41,407.859159
132.759107,67,407.900917
66.740602,41,407.924454
23.396717,23,407.937555
9.926824,14,407.945972
259.942331,135,408.039596
60.644868,42,408.068991
155.165415,108,408.156406
123.564463,64,408.201676
61.490583,37,408.226949
217.562916,111,408.299381
10.522774,17,408.309536
60.319957,37,408.333168
207.076122,108,408.437096
60.994159,37,408.461986
197.833942,97,408.527327
28.811647,30,408.547646
68.525902,46,408.57766
67.945964,41,408.607344
93.397805,52,408.642294
188.199858,99,408.703575
161.556476,76,408.751622
87.313098,50,408.792561
79.726945,46,409.897546
108.848533,59,409.943137
95.595812,52,409.978209
18.247291,20,409.992305
20.911058,21,410.007221
109.868835,68,410.052484
107.816578,61,410.091626
67.398111,43,410.118516
47.64214,29,410.137291
71.890553,51,410.18141
19.85085,23,410.200263
67.168503,42,410.226528
145.770758,97,410.287544
69.322618,41,410.314411
66.662007,42,410.339919
62.801493,38,410.366484
214.276646,94,410.424248
124.964198,66,410.464039
31.435651,26,410.479248
94.796171,53,410.518323
178.224555,93,410.57502
127.741638,68,410.620929
151.730472,77,410.673226
222.762023,107,410.73457
156.396503,78,410.785727
150.521256,74,410.830536
8.994066,11,410.839095
115.637246,62,410.880839
31.1479,25,410.896399
104.559965,64,410.934704
147.653319,72,410.97899
159.429281,87,411.03991
187.718956,87,411.093601
146.606983,74,411.142473
95.207626,65,411.18247
21.478618,27,411.200894
95.296096,54,412.319863
125.084161,66,412.366232
75.892298,45,412.396232
248.712963,134,412.49172
220.819258,95,412.563774
30.6243,28,412.58282
88.41062,51,412.615664
78.565544,46,412.650359
162.495118,86,412.708764
73.249963,53,412.743257
77.701342,48,412.773477
155.736461,79,412.831089
235.575361,111,412.904889
167.032858,85,412.964834
137.393751,88,413.024002
36.611974,30,413.048378
184.390347,88,413.10888
116.502637,81,413.164991
209.367528,95,413.229082
299.862735,181,413.345806
207.825107,92,413.409285
104.089045,63,413.448917
128.043468,69,413.497036
14.704354,15,413.507936
115.037078,68,413.551222
284.110354,148,413.650191
159.378873,86,414.758336
218.423706,102,414.832224
56.613854,35,414.856064
89.409643,59,414.89281
28.925178,42,414.919156
77.302757,45,414.947685
240.288364,124,415.021458
172.700784,84,415.074773
72.24436,42,415.10199
110.485842,61,415.139156
93.735904,53,415.171623
206.022036,103,415.234311
198.497211,102,415.295972
77.795959,45,415.329806
113.754199,61,415.364607
159.031643,78,415.411921
253.682578,127,415.488487
63.250173,38,415.510426
133.120502,69,415.554097
161.913774,77,415.598741
143.842474,72,415.643611
223.797406,101,415.701689
136.526042,68,415.741937
234.959917,103,415.807976
205.067722,100,415.869067
171.774443,82,415.923584
223.865219,100,415.985691
210.411981,97,417.065806
211.261157,95,417.126899
172.60525,83,417.175476
219.69189,107,417.240067
196.915604,90,417.29492
221.251445,97,417.354249
130.682663,68,417.396186
205.39474,99,417.45658
207.747926,99,417.511702
212.313851,103,417.582858
86.845502,52,417.615829
227.932271,111,417.684762
222.88659,101,417.750281
81.658069,49,417.780044
76.184516,56,417.813825
129.286636,74,417.86396
131.747712,74,417.914056
215.895089,103,417.974554
233.207844,114,418.039081
208.877883,125,418.114133
92.731288,53,418.148305
211.181648,93,418.208513
230.488321,104,418.269017
202.989415,98,419.309073
51.7839,31,419.329326
131.920289,67,419.37263
215.712948,99,419.437923
159.159922,77,419.484954
235.671932,110,419.553915
238.914619,117,419.632391
70.65193,42,419.6632
206.220093,92,419.720945
216.751774,97,419.780199
97.978422,55,419.815928
252.100935,120,419.888859
140.237295,70,419.933573
197.464922,96,419.996905
117.299951,61,420.033406
126.640524,67,420.076222
189.035595,89,420.13546
178.088935,85,420.194632
155.933602,78,420.251513
246.854401,110,420.321706
214.908477,95,420.383807
235.655616,108,420.45703
220.732938,103,420.532641
223.440217,102,420.603287
235.243981,103,421.715574
245.085434,117,421.811434
149.664274,74,421.856101
108.347817,66,421.896184
227.368262,106,421.958597
110.978004,61,421.99159
217.621995,96,422.056238
254.30449,109,422.125795
264.720986,123,422.20181
219.585211,104,422.263342
208.310993,96,422.317932
230.667801,104,422.381093
117.370944,63,422.416595
231.480933,105,422.480513
245.947664,117,422.568388
211.72761,95,422.636637
208.440578,97,422.700776
212.40824,97,422.767734
240.741684,108,422.835898
232.508999,114,422.911966
150.565301,78,422.961767
217.720175,107,424.020535
200.728813,105,424.085506
110.776285,61,424.122577
241.361398,106,424.1827
77.273946,48,424.207585
222.929922,114,424.28266
321.962612,197,424.408984
193.539948,90,424.464359
252.270462,108,424.531266
237.101273,111,424.60772
220.951627,100,424.667304
151.974934,81,424.711426
249.019464,119,424.78152
86.63025,50,424.809173
233.85187,107,424.877601
225.321616,100,424.943554
229.989795,103,425.008816
212.229579,94,425.064327
193.779541,95,425.122618
221.788633,103,425.182137
93.139591,56,425.217344
258.165987,119,426.238287
229.844904,105,426.301677
204.551846,94,426.359222
228.509338,107,426.419702
167.977422,79,426.466869
228.32802,100,426.522354
56.20049,34,426.543158
233.041904,103,426.606083
224.809647,106,426.680669
245.305952,108,426.742376
217.334743,96,426.799051
243.466851,108,426.86149
229.035972,103,426.921033
227.255399,105,426.984453
237.14843,117,427.052543
103.43384,59,427.088307
251.098205,108,427.15036
272.824186,117,427.222433
211.462496,97,427.279802
224.177637,98,427.338387
239.652361,119,427.408812
207.526199,94,428.49574
255.697633,118,428.560965
231.185522,103,428.622367
223.684797,100,428.679587
246.786695,118,428.759397
93.914024,52,428.792192
244.824762,114,428.862458
236.480295,106,428.925583
267.854309,113,428.986856
237.409538,108,429.049106
287.717767,118,429.116661
260.381157,110,429.181026
219.579932,103,429.244983
224.517663,101,429.306471
237.855901,105,429.368639
240.815544,117,429.437121
256.631377,121,429.505666
234.468028,103,429.560784
253.183394,112,429.626133
285.037691,124,430.643639
225.500266,104,430.708422
240.154847,105,430.785067
227.041681,106,430.850711
195.861667,92,430.902658
152.801344,75,430.945529
181.936946,94,430.996186
219.632124,98,431.057134
233.178521,101,431.120197
275.098829,114,431.19393
242.965811,111,431.259201
253.395955,108,431.320276
184.90798,85,431.372386
249.198699,109,431.436065
212.265731,98,431.492511
259.479678,114,431.554157
226.632424,98,431.612302
247.079268,103,431.68874
229.305744,101,431.756651
245.356285,105,431.815469
246.350787,113,434.221945
203.945641,94,434.277492
260.813866,111,434.347906
210.68238,91,434.407724
260.921351,115,434.482051
247.975468,103,434.544064
245.674927,109,434.609294
218.774436,100,434.66609
242.275342,111,434.732747
232.484643,114,434.804701
229.603969,104,434.868912
258.982792,112,434.936206
207.864268,95,434.99529
236.712637,105,435.053586
144.756452,76,435.099875
261.714705,113,435.162812
88.025356,50,435.192803
238.135963,112,435.261976
266.494583,114,435.328285
147.434284,74,435.367011
268.51307,122,436.418679
271.937768,116,436.487381
260.531109,126,436.56058
84.26871,48,436.587004
255.068288,115,436.658078
311.963521,129,436.734134
283.173657,116,436.804503
318.11046,134,436.886937
176.427153,82,436.934369
234.122151,99,436.99099
279.933611,131,437.066002
284.795945,124,437.139183
273.135117,120,437.206937
291.874741,122,437.277655
251.082465,109,437.345965
242.718638,113,437.418268
244.322981,116,437.488633
201.734521,98,437.546156
278.78687,118,438.640902
316.101085,127,438.73676
180.168939,84,438.791637
272.99339,124,438.871574
230.93439,102,438.933417
289.37509,128,439.01042
260.272292,117,439.089727
291.888659,121,439.162914
281.631079,117,439.240472
305.089163,140,439.329729
246.953211,124,439.410713
240.321025,104,439.474084
284.459574,123,439.548892
265.888617,116,439.617794
306.295301,130,439.696006
287.628368,119,439.763747
291.564207,127,439.838494
259.30303,113,439.904198
346.576067,144,440.971222
174.98864,85,441.027904
346.573738,136,441.114501
274.531431,123,441.192128
289.178715,128,441.270522
78.417617,49,441.300553
309.742092,136,441.385118
273.986209,121,441.455171
319.148155,129,441.530715
298.367359,123,441.602218
290.791711,131,441.67959
329.899856,144,441.76146
325.687558,138,441.841746
261.913637,115,441.906446
264.450986,120,441.973252
333.246542,142,442.05202
310.914767,134,443.099476
312.601017,132,443.192841
310.797015,131,443.276198
263.873774,123,443.353023
297.161056,129,443.434326
257.187381,114,443.503682
287.089482,128,443.583428
264.47286,122,443.653799
283.218288,121,443.722577
261.080937,110,443.784755
318.499121,138,443.87078
315.34203,137,443.952647
310.783292,133,444.032431
318.621764,135,444.133004
299.160748,126,444.209124
318.034454,139,444.290586
336.58979,137,445.34361
312.813113,131,445.43702
305.736475,127,445.521104
321.050812,133,445.60424
322.256956,141,445.690222
303.866256,128,445.766284
311.201973,131,445.842709
305.686005,129,445.916641
295.795216,117,445.985183
316.217963,132,446.056779
337.976344,146,446.142374
328.331582,137,446.216183
296.786968,132,446.289648
276.153651,120,446.356664
358.446001,145,446.442324
319.675446,134,446.521588
317.690843,136,447.571984
98.603919,56,447.608944
325.309325,132,447.694629
324.134514,130,447.773478
382.503726,146,447.863187
193.410956,93,447.918451
336.006356,129,447.997331
308.04371,131,448.072371
311.618629,122,448.143623
339.263279,133,448.217185
149.552548,77,448.261036
308.216531,137,448.33793
311.215966,134,448.418802
307.812593,127,448.494735
279.794606,121,448.570091
340.037107,133,448.644214
330.140468,148,449.713322
197.657777,98,449.785708
327.501196,136,449.876885
332.943361,144,449.967718
343.384781,152,450.061072
345.069753,136,450.14215
310.648233,131,450.217633
312.567931,128,450.291799
311.341666,125,450.363756
299.881208,123,450.433584
287.867164,121,450.500917
336.123996,130,450.576792
322.266148,131,450.654169
278.889095,118,450.723135
315.947932,134,450.802046
151.077749,76,450.844434
331.485475,136,450.920589
307.833758,133,451.969959
350.065855,134,452.068828
333.819051,140,452.158912
332.11239,137,452.245359
341.794398,138,452.343496
323.782132,138,452.433176
311.655738,132,452.515433
321.182499,137,452.598822
336.380676,135,452.686328
328.217885,136,452.768857
346.882939,139,452.85224
308.848547,130,452.925722
324.106645,137,453.005232
339.810628,142,453.087751
321.829116,138,453.174137
318.226678,134,454.261917
373.383696,152,454.367075
325.786583,136,454.455973
310.887846,132,454.537673
336.946229,141,454.621108
315.892768,132,454.702142
326.416847,143,454.791021
348.476526,155,454.884378
329.156671,144,454.969958
299.807146,126,455.042355
328.39472,136,455.122885
345.547021,143,455.213861
334.663507,134,455.311245
380.32734,142,455.409939
324.980762,135,456.56785
308.797709,129,456.659957
312.841793,135,456.749205
345.514134,141,456.841356
357.352036,140,456.928253
106.873888,60,456.963004
379.240669,145,457.050749
339.454452,134,457.128458
337.502043,147,457.213213
319.820367,131,457.287497
288.678827,119,457.353961
338.666093,129,457.427691
356.995818,147,457.513278
314.942082,132,457.590269
330.231169,143,457.672706
315.634109,138,457.751719
322.494859,138,458.873137
374.228681,157,458.982338
347.382062,140,459.072544
374.722899,150,459.165685
321.376914,128,459.275917
338.565661,150,459.392566
353.031061,136,459.495305
277.901653,121,459.584087
338.039694,135,459.675564
429.109476,175,459.791296
319.453783,137,459.880418
378.437021,145,459.96985
347.408495,152,460.063184
314.666479,125,460.140063
355.427647,149,461.183146
335.561952,135,461.27025
382.686161,141,461.358279
316.178908,131,461.433756
333.237099,137,461.510783
348.631465,145,461.593189
236.121901,102,461.6556
336.836445,148,461.742704
358.946024,143,461.828483
347.949974,133,461.90265
330.462072,136,461.978953
318.834028,133,462.054737
425.376642,158,462.148061
318.014614,135,462.229689
331.212317,136,462.30848
393.395391,149,463.379142
332.426484,141,463.483564
350.915858,137,463.573664
480.875586,174,463.679802
353.777852,144,463.768474
353.954852,138,463.852502
343.131168,148,463.938578
279.635415,126,464.015246
357.587488,149,464.103257
191.321399,93,464.158243
362.059098,144,464.244645
322.993613,135,464.326473
342.316525,140,464.409266
360.05088,142,464.490472
406.524078,152,464.583336
301.900496,131,465.652454
348.890604,137,465.742037
319.564461,136,465.825358
543.143874,194,465.94276
409.31465,141,466.024355
425.486031,176,466.126129
391.015574,148,466.213243
348.286637,141,467.646644
156.426307,78,467.691045
481.121945,175,467.786177
376.66286,142,467.866337
254.247074,114,467.935843
329.170311,137,468.016603
421.459713,161,468.104535
449.44653,163,469.17734
419.994629,157,469.281625
386.290075,154,469.378072
379.686167,145,469.464259
235.024545,101,469.525388
188.717447,89,469.57768
392.737316,146,469.667578
451.968186,158,469.762844
432.611342,155,469.850603
379.734941,143,469.935899
409.825807,153,470.022728
431.629274,160,470.113453
379.808408,143,470.193936
356.522384,141,470.276894
330.84696,138,471.367422
526.073262,181,471.491409
372.805462,145,471.586383
561.126356,198,471.706462
320.17756,135,471.786919
350.122827,142,471.872955
374.889313,142,471.954633
325.779705,140,472.034754
232.62139,109,472.09602
349.522506,138,472.173162
403.847759,154,472.261887
385.644396,158,472.353689
370.704181,142,472.435204
321.106093,140,472.519578
239.852035,109,473.544746
421.786912,149,473.650657
399.990977,149,473.750036
502.774815,174,473.857374
396.85854,145,473.946206
398.328928,156,474.038588
348.897066,127,474.110955
414.644856,156,474.204208
329.227106,136,474.284427
438.292765,160,474.377983
372.104357,138,474.457826
342.092997,132,474.541613
359.156225,136,474.618838
625.343828,213,474.743124
382.369431,153,475.804684
602.864187,207,475.947045
334.426571,123,476.027006
359.267613,135,476.11095
469.823428,164,476.209647
331.052867,126,476.286229
332.664789,142,476.369279
476.494309,171,476.465213
437.91221,164,476.563024
563.457902,195,476.686813
441.009328,163,476.783572
412.268769,150,476.868466
398.75901,154,476.957085
450.274268,155,477.992208
648.197331,202,478.122097
371.18981,131,478.201516
348.989854,135,478.281584
429.763167,152,478.369242
310.100032,122,478.440128
436.412313,160,478.531145
46.998464,29,478.548653
673.84727,212,478.677497
268.292383,113,478.743966
380.66831,137,478.821674
385.55364,146,478.903579
470.665069,164,478.998177
468.796374,166,479.092914
409.25003,158,480.176693
669.095694,221,480.31622
185.696333,87,480.369219
461.851924,175,480.476684
499.198274,171,480.574289
635.98832,209,480.710151
631.436475,209,480.837921
621.747935,211,480.964058
602.637869,208,481.089938
339.225217,131,481.164376
454.043771,187,481.27034
324.682925,141,481.352355
386.309934,145,482.401675
519.36972,182,482.519214
558.805299,183,482.630188
382.208757,142,482.71818
637.705371,222,482.85793
388.946992,139,482.938918
497.311553,164,483.034976
566.608679,188,483.142079
592.167389,201,483.253311
256.065468,113,483.322446
489.588286,172,483.423153
609.869206,206,483.536435
1156.483306,382,484.735218
407.034319,142,484.823509
826.10916,291,484.997619
411.473877,156,485.087864
566.558788,205,485.206518
245.673799,101,485.264443
663.223502,226,485.390658
726.713381,244,485.532574
231.345313,101,485.587587
379.420143,137,485.662044
371.619497,135,486.724699
711.848909,239,486.887456
564.679561,184,487.002171
742.629835,245,487.150422
466.190527,165,487.244322
1054.311384,350,487.494459
616.615201,205,487.61668
375.233239,147,487.702299
389.775858,142,487.78528
612.376475,208,487.903915
420.566193,176,488.979187
382.89758,143,489.083109
199.776705,99,489.145948
780.140449,256,489.303274
842.614802,276,489.462148
391.090449,142,489.545298
348.158792,142,489.629968
595.316235,203,489.746128
164.169145,87,489.795766
528.828084,178,489.893542
585.119567,193,490.000974
436.537528,155,490.091621
678.066545,222,491.231217
636.827497,214,491.376879
545.280627,200,491.504625
527.358336,182,491.61673
786.617996,299,491.787346
342.968105,123,491.858113
560.132768,195,491.976305
409.507171,148,492.066204
404.979076,145,492.153965
404.809394,164,492.250082
338.906647,136,492.329772
619.71339,207,493.431713
462.535985,160,493.5373
382.093219,138,493.622659
649.050776,208,493.748447
950.952571,308,493.93383
534.394152,175,494.033903
374.992935,142,494.113833
520.972283,190,494.224221
1165.459344,368,494.446273
695.675712,233,494.578017
806.524775,272,495.818394
736.829968,242,495.992314
813.431368,270,496.179325
567.285704,203,496.306525
782.394193,258,496.46966
715.670672,233,496.607325
533.355968,183,496.71395
463.492734,157,496.807628
703.977391,279,496.967679
406.207027,159,497.973428
691.029067,243,498.121241
598.880519,208,498.248886
547.994745,189,498.359904
998.58868,324,498.5465
396.179622,150,498.630338
385.599455,143,498.71309
670.925438,213,498.841576
577.087016,197,498.953055
350.786277,143,499.033365
629.827075,218,501.550331
595.369656,191,501.687343
598.093053,193,501.829068
572.198914,194,501.970361
649.153494,215,502.108722
746.83632,244,502.269201
694.526591,217,502.403924
715.6401,228,502.54701
699.64776,218,502.68375
616.84891,222,503.770311
532.646747,186,503.904879
719.59506,227,504.042569
530.191143,173,504.144321
713.190593,245,504.293224
663.57513,212,504.413191
516.657308,192,504.525424
599.482998,214,504.650484
515.505055,171,504.747413
464.938423,163,504.844406
758.211331,246,504.989794
489.119204,176,506.195856
652.829044,222,506.343769
558.699718,198,506.467206
596.865957,196,506.585717
899.836402,280,506.755523
474.710092,162,506.852228
624.290993,209,506.972999
692.518208,225,507.099168
521.966886,189,507.212281
168.694275,88,507.26445
551.234902,183,508.329911
616.331179,203,508.462239
393.37952,149,508.552999
679.323748,226,508.693284
547.971773,192,508.807463
275.08528,108,508.872112
453.809267,162,508.963127
653.372675,218,509.089608
480.586071,177,509.1914
508.673781,167,509.285667
736.572112,244,509.425506
620.783817,208,510.506051
863.040618,315,510.712052
590.901897,194,510.826879
879.071105,299,511.000442
583.561577,186,511.104565
841.192086,272,511.259416
644.765673,208,511.372686
613.684245,203,511.486228
666.835784,210,511.610525
633.846693,206,512.7326
524.686456,190,512.870852
594.249642,196,513.001374
941.322377,293,513.180021
578.862956,189,513.291267
687.926508,215,513.415552
1427.604216,500,513.711249
667.731722,218,513.831592
244.30932,101,513.888765
460.048407,155,514.965644
393.830552,141,515.062847
732.871512,233,515.210206
852.887602,274,515.378682
439.531386,180,515.487068
227.876555,97,515.549456
411.588717,177,515.652251
653.876081,213,515.772962
770.355748,241,515.912019
482.454152,192,516.022639
733.638462,256,517.131051
441.276822,189,517.260392
532.338356,189,517.384461
371.786524,134,517.465426
674.175448,224,517.600444
603.95762,199,517.717592
348.544844,138,517.801161
487.849948,162,517.896522
508.583567,190,518.007124
797.602166,259,518.158267
464.542107,160,518.248206
505.241573,166,519.290982
604.994531,191,519.418153
243.403628,105,519.487014
536.792047,174,519.59731
562.154169,184,519.709196
968.068503,323,519.931063
454.057444,160,520.04267
607.74506,191,520.184161
643.646681,207,520.316464
648.46064,210,520.447977
232.685163,101,520.509441
234.792305,105,520.577064
616.705838,198,521.695442
1425.187949,500,522.006403
663.431193,214,522.175268
589.026629,186,522.285444
102.860273,57,522.32429
597.441089,190,522.437781
665.752385,211,522.563413
674.579837,214,522.703622
639.794708,209,522.819389
1332.133919,500,524.103231
1045.473104,366,524.320708
1435.347838,475,524.596268
1335.7287,500,524.880077
1001.165246,314,525.059291
201.338465,96,526.078886
638.802236,207,526.216827
378.186061,129,526.299241
1209.565851,379,526.527164
655.020829,206,526.644859
657.246838,207,526.759826
815.77964,262,526.913132
635.577985,210,527.032446
862.831823,281,527.195494
705.328767,220,528.333369
826.976159,341,528.550206
250.618107,113,528.616453
615.347177,206,528.733999
683.384807,220,528.860366
89.462825,50,528.889636
431.628061,179,528.991945
1390.921256,500,529.287281
655.904791,213,529.411659
510.840006,184,530.47411
740.970662,253,530.632667
593.035582,201,530.758705
881.315267,284,530.921611
1388.418551,500,531.205297
635.2461,201,531.316627
555.661509,183,531.424278
848.154692,275,531.582498
540.047098,181,532.662701
565.797886,200,532.800206
729.941253,232,532.944335
724.934403,229,533.079213
234.516299,104,533.140291
85.92095,48,533.166623
558.156486,199,533.279129
647.516267,205,533.398441
667.910146,274,534.899876
1193.758386,395,535.121865
415.044742,142,536.189546
415.666939,177,536.305354
726.799766,223,536.446756
406.732657,154,536.539029
631.142219,214,536.663258
621.041941,202,536.780154
803.415782,241,536.924419
642.883814,222,537.052277
855.296894,276,537.203644
768.832972,227,537.335605
860.547167,287,538.499913
963.088586,308,538.689899
403.725015,148,538.784767
853.486846,320,538.98223
677.765842,225,539.116531
1527.759367,500,539.399875
629.998641,197,539.509313
873.670758,266,540.627266
417.554876,155,540.739476
1388.947177,482,541.110013
656.509869,214,541.256733
333.674546,133,541.346724
1376.962615,500,541.693317
377.811167,147,541.790447
411.477676,150,541.88798
869.718868,322,543.073162
68.512889,38,543.094266
582.803182,174,543.193951
664.702186,221,543.322459
834.961191,284,543.4893
1246.019055,500,543.795486
1448.50333,500,544.094262
778.521021,245,545.370531
820.833576,264,545.548743
311.630593,134,545.639574
596.753833,197,545.763615
905.11201,319,545.959108
934.495113,285,546.132641
752.035194,229,546.267073
592.298477,189,546.374609
1262.796971,406,547.551342
913.632592,284,547.72419
835.574752,260,547.876351
841.892863,274,548.038746
1019.567116,326,548.221284
772.466114,237,548.35345
1369.639883,444,548.611677
913.267555,291,549.805846
642.050957,203,549.937128
781.747637,237,550.082491
968.278639,301,550.255911
576.699826,183,550.366921
926.338548,296,550.531986
1383.67653,498,550.811996
623.728574,194,551.912302
1533.117772,497,552.222544
962.914154,296,552.394595
1066.531564,351,552.589974
1029.492368,333,552.781991
1342.144659,500,553.061533
953.907829,295,554.234635
560.032713,182,554.346074
238.629648,110,554.413612
1001.620727,385,554.643092
1214.285693,500,554.932766
56.136189,33,554.950532
472.636653,176,555.049455
1164.687386,500,556.350417
268.236835,131,556.459007
429.409924,147,556.568841
573.200462,286,556.768144
1111.148545,500,557.081615
1080.496595,500,557.411477
1113.621169,500,558.761898
816.748039,252,558.919374
1275.201166,500,559.219083
341.387059,154,559.309522
1212.085273,432,559.568523
1208.237488,463,559.827093
1285.660909,500,561.146754
1281.06056,500,561.473984
778.44926,231,561.615125
1018.070494,438,561.87191
721.921181,237,562.010098
1108.911069,500,563.290108
909.746626,316,563.484249
677.435304,211,563.608258
847.807255,317,563.795807
1209.032342,500,564.087159
1046.506446,458,565.302158
940.652232,333,565.520852
1343.276546,455,565.793377
576.556159,198,565.907013
844.379367,343,566.10087
1209.533388,425,566.345484
889.209238,351,568.860058
1151.490794,500,569.181947
1536.010984,500,569.468061
1065.004349,317,569.648165
636.558274,198,569.760089
970.502327,298,569.931044
1458.929299,500,571.241019
747.675414,254,571.395174
987.638113,303,571.573701
1247.073732,500,571.856296
781.504318,244,571.995238
651.686403,204,572.108816
806.030926,253,573.263186
634.666087,190,573.390776
712.863484,231,573.536525
533.619514,177,573.641151
1175.868437,376,573.861969
1355.755421,421,574.096806
1064.574971,340,574.291634
1128.165242,366,575.503242
677.561497,210,575.643649
692.279776,213,575.776655
623.431289,198,575.89561
1034.706908,336,576.090304
359.501372,136,576.166533
984.725262,305,576.338029
719.533067,228,576.470872
1161.081988,373,577.676304
1362.872854,500,578.002489
1355.229882,481,578.281399
1038.69095,326,578.462512
718.419389,241,578.603233
1315.55269,500,579.860878
667.889746,200,579.992676
710.270963,213,580.12457
492.77011,162,580.219925
394.527281,139,580.307648
1253.16928,381,580.542279
674.877309,214,580.666069
423.433913,146,580.755535
582.169758,199,580.888043
296.795885,114,580.971518
612.601624,185,581.097623
670.488951,209,582.249635
694.329275,215,582.389971
1062.571475,345,582.605418
1004.604071,321,582.798387
1029.8017,309,582.975245
687.639481,227,583.097825
366.418124,155,583.18301
475.599554,171,583.278555
714.994061,251,584.336252
1469.257483,458,584.621684
1257.636762,447,584.875338
727.769405,233,585.006058
745.311898,241,585.151047
1340.538442,500,585.475204
842.352339,260,586.748147
1410.187053,500,587.053215
1467.055305,500,587.33751
1036.849638,325,587.526498
1570.391676,482,587.800997
395.228622,164,588.855871
1562.672903,500,589.160412
1376.174666,500,589.449564
1103.869245,378,589.678853
1491.577036,500,589.965661
1065.157319,332,591.181366
1290.85989,500,591.475517
983.258022,302,591.649567
1033.385579,331,591.837818
855.608354,261,591.985484
1403.042826,500,593.423853
686.968837,225,593.568199
1011.842274,315,593.763861
1408.314644,500,594.054534
1336.447184,500,594.342108
1263.564082,500,595.605607
394.033497,138,595.703926
1378.369449,489,596.012166
733.494422,222,596.160064
743.811019,242,596.336646
437.695269,159,596.44509
668.878312,212,596.587409
363.675622,134,596.672581
672.241062,201,596.798609
739.442949,235,597.938968
930.671598,279,598.120042
1112.332858,346,598.324795
645.490656,205,598.440766
1046.548104,321,598.628984
1549.48843,500,598.909042
712.567583,224,599.032867
601.123838,200,600.109655
961.396091,319,600.313873
908.375424,307,600.503057
982.512387,330,602.052764
906.940309,293,602.233648
861.141173,278,602.389495
947.182753,297,602.55967
397.760909,135,603.653499
682.055544,226,603.807287
1389.178944,500,604.10815
1261.498308,500,604.403398
858.406516,279,604.564227
1180.909921,500,604.849298
1459.976372,459,606.110173
1007.242085,304,606.292005
729.379128,256,606.434264
1008.283944,313,606.608808
1238.619121,383,606.831293
920.146256,307,607.023605
1336.954162,421,608.253604
1439.168093,500,608.546477
840.131897,251,608.685168
1062.158408,340,608.878532
1335.14723,500,609.165297
1334.958989,441,610.415134
607.414936,202,610.535897
659.639001,214,610.661365
995.075697,302,610.830772
993.049729,311,611.010303
1446.809779,500,611.296408
1581.582094,496,612.611204
1283.686532,500,612.909185
709.230384,264,613.061533
765.086445,259,613.20908
1498.397202,500,613.491413
1157.216036,386,614.665797
698.678202,217,614.797071
634.869985,203,614.918733
987.831774,300,615.093485
1080.416679,327,615.277065
706.1282,215,615.395894
743.032301,225,615.534287
738.758974,231,615.668828
861.013044,263,616.780587
619.934487,201,616.924663
901.052701,284,617.139086
802.776018,238,617.284436
805.252997,242,617.433003
637.666178,204,617.546969
708.934947,248,617.702589
467.429717,171,617.802791
755.731785,232,617.934266
625.910589,196,619.012911
629.535915,200,619.139101
663.184002,213,619.267941
1376.274739,431,619.517171
869.999817,291,619.684243
636.701433,202,619.799748
1137.097533,357,619.994983
998.277904,303,621.125207
869.328148,263,621.295253
930.91473,288,621.472157
667.543474,221,621.598259
996.949843,304,621.779784
790.257794,235,621.915181
607.537189,193,622.026222
1032.544817,320,622.203541
966.780845,296,623.34332
610.954407,203,623.472154
1581.547711,500,623.774092
672.019696,210,623.897073
1243.023162,401,624.140465
917.974866,273,624.296118
1061.444297,315,624.476758
949.465412,314,625.640009
1218.61802,375,625.869027
723.971451,221,626.000428
1009.395186,310,626.178698
709.901139,216,626.30107
1117.813957,345,626.499226
723.803815,226,626.626395
1320.270629,415,627.901506
1283.936487,394,628.132761
728.420144,242,628.27404
783.736592,234,628.407269
983.523586,298,628.579034
921.077983,276,628.735678
1004.000951,310,629.898535
1289.991834,500,630.224761
1389.395321,500,630.518434
636.117917,204,630.635107
1324.638553,472,630.904405
957.102751,305,632.032958
411.947228,156,632.171617
1200.694764,362,632.412034
960.214417,308,632.590359
677.876072,215,632.713097
925.058226,276,632.871752
1183.007252,391,633.095382
695.678951,216,633.222458
922.255844,285,635.706209
1384.496225,413,636.009945
1217.142096,400,636.248696
964.537206,303,636.425335
572.5724,174,636.521993
1344.971004,418,636.759991
979.639342,305,637.906795
780.230455,241,638.059676
1426.172328,443,638.337033
675.331484,218,638.472235
779.562456,242,638.614893
1363.2224,500,638.907699
1174.380625,365,640.093605
1162.193802,368,640.327506
855.541681,331,640.525992
965.182796,313,640.701233
720.353222,217,640.821626
401.423597,166,640.913972
585.433522,197,641.0238
1494.506308,474,642.251465
940.970404,296,642.439338
675.263771,243,642.593476
657.91162,211,642.759781
876.337128,324,642.990499
198.166965,95,643.064831
800.773044,245,643.265036
196.470571,103,643.337379
1061.611606,323,643.570903
651.00704,203,644.759351
1034.437192,332,644.975616
767.605959,224,645.110684
1438.33984,429,645.354049
688.902562,221,645.51505
1525.982889,459,645.831439
961.886497,294,646.992009
567.795478,239,647.158695
740.470384,263,647.320748
1455.836174,493,647.598723
1254.06641,500,647.897487
1189.863146,431,648.147541
1375.86647,425,649.388433
1390.636664,500,649.686909
1275.162776,382,649.915085
1527.160077,472,650.179339
900.122029,323,650.366926
642.141988,209,651.509583
823.723513,254,651.670502
698.443635,229,651.813513
781.011135,232,651.952884
697.133844,218,652.082717
1065.003955,356,652.286794
1225.951297,366,652.497357
952.233392,286,653.633809
1323.775649,412,653.916537
670.025957,212,654.044735
1183.829683,372,654.261025
1031.837573,318,654.438779
971.946619,307,654.6181
717.840439,234,654.746744
1205.823415,377,655.957166
578.586848,184,656.077829
759.937967,236,656.218369
1164.34569,334,656.403813
793.912199,234,656.543331
661.999999,207,656.660799
533.587329,172,656.753496
1106.453494,328,656.942846
699.146001,216,658.066895
986.795365,307,658.262988
954.830824,292,658.437049
1115.822733,344,658.642898
764.955056,231,658.775579
644.85223,201,658.892838
854.600927,263,659.047964
654.638217,208,659.161913
671.835286,210,660.275366
1317.495904,392,660.528086
635.66417,197,660.643918
1111.540876,338,660.842501
1088.665158,327,661.033527
1298.421363,401,661.265164
668.501267,209,661.382649
1030.986202,312,662.564074
1325.320273,410,662.812833
1398.818347,413,663.043712
719.604268,226,663.169817
1227.449531,363,663.379392
631.036584,202,663.489878
1481.264633,448,664.766951
1133.140431,369,664.990534
1591.237061,500,665.275784
1449.481089,500,665.558175
929.50011,286,665.723352
979.582807,308,666.856459
658.043159,209,666.984731
984.671998,305,667.164097
1231.953015,363,667.365217
750.236423,224,667.487929
681.641477,211,667.602434
1186.882912,376,667.813549
1421.672197,431,670.408668
729.653721,221,670.549369
184.237496,92,670.606954
901.676661,295,670.783039
686.125871,220,670.905984
849.814959,255,671.051272
649.249752,242,671.185825
1310.294716,389,671.411469
1298.576417,385,672.663808
947.246697,281,672.833057
1065.12706,336,673.026221
1471.351988,429,673.269953
1519.153681,500,673.555871
704.698766,223,674.662075
1627.939449,483,674.97401
1253.079587,384,675.207855
1509.286514,479,675.487856
736.816464,225,675.613177
1047.978826,329,675.809912
684.792629,210,676.919939
1517.843694,455,677.204585
753.321201,240,677.385335
1094.244275,334,677.60778
1396.414223,412,677.858145
933.863277,271,678.017382
929.499833,286,679.158564
1139.789218,344,679.390328
873.17724,268,679.55421
1095.813459,336,679.751272
790.393935,261,679.902636
1322.68811,424,680.157251
1303.506598,403,681.400527
704.27777,227,681.587776
733.395186,224,681.749616
551.798036,184,681.877062
1179.018035,351,682.106162
1245.486685,370,682.331217
958.606436,287,682.502387
990.41333,304,682.674674
1523.529339,447,1477.933378
1525.304667,451,1479.371019
1595.627156,500,1480.716148
1593.378196,500,1482.716034
1632.754735,500,1487.553651
1634.556236,500,1492.117372
1594.167513,500,1496.619253
1519.291931,446,1500.719831
1664.037001,484,1505.112705
1571.173315,500,1510.111102
1627.549671,500,1514.135607
1612.670861,500,1518.776636
1555.594917,500,1523.307083
1708.83795,500,1527.790057
1570.709253,500,1532.330594
1481.695906,435,1534.187617
1602.526491,466,1535.68701
955.906992,290,1536.692404
1570.309089,500,1538.09777
1615.60076,500,1539.559602
1666.438951,500,1541.034031
1714.829214,500,1543.477875
1010.751215,302,1544.038933
1661.319802,500,1544.97313
1638.536465,500,1546.254946
880.944597,263,1547.224388
1553.376768,500,1548.474212
955.954092,286,1549.23522
1511.867892,442,1550.507509
1642.345979,500,1551.822066
1514.774363,450,1553.032321
1580.262303,500,1554.481435
1540.328124,500,1555.819159
1669.350918,500,1557.131968
1220.638829,358,1558.214188
1520.338048,446,1559.411715
1578.905229,500,1560.76205
1470.463889,430,1561.995497
1612.137033,500,1563.357055
1295.770788,382,1564.347282
1553.278513,500,1565.807067
1666.798036,500,1567.255102
1226.518056,361,1568.145492
1709.390097,500,1569.605458
1563.136321,500,1570.938323
1510.379058,440,1572.130293
1542.904731,500,1573.590391
1655.537378,500,1574.974688
1539.415155,500,1577.035073
1646.153982,500,1577.858186
999.811421,299,1578.580977
1586.492073,500,1579.940857
1154.338892,334,1580.775042
1558.930322,500,1582.073172
1550.53452,500,1583.526543
1660.716061,500,1584.823918
1106.129397,323,1585.67448
1513.460696,444,1586.944263
1620.602468,500,1588.290138
1547.279569,500,1589.635306
1466.184968,430,1590.894639
1588.303674,500,1592.183997
1588.548588,500,1593.575798
1544.862097,500,1594.969565
1514.523874,449,1596.168
1529.325714,454,1597.427396
1673.089908,500,1598.839756
1444.951755,419,1599.965701
1628.447964,474,1601.255201
1546.15196,500,1602.710411
1689.093701,500,1603.991905
1587.058598,500,1605.471774
1574.177815,463,1606.733185
1494.531452,435,1607.896391
1709.172013,500,1610.725876
1697.31744,500,1612.145291
1518.604974,445,1613.26589
1606.52113,500,1614.731723
1540.983053,500,1616.097921
1682.709812,500,1617.420503
1492.908194,432,1618.67234
1627.369233,500,1620.003779
1519.027153,447,1621.150259
1611.297143,500,1622.646973
1566.585906,500,1623.950334
1599.584966,500,1625.283469
1614.510554,500,1626.746332
1608.606033,500,1628.111732
1524.17138,449,1629.318925
1543.388857,500,1630.73191
1553.49728,500,1632.072647
953.703338,290,1632.858735
1508.816019,449,1634.175652
1554.511801,500,1635.519965
1617.815404,500,1636.92994
1558.483914,500,1638.40581
1228.947964,366,1639.382257
1525.182517,452,1640.530328
1220.604482,355,1641.638998
1577.678729,500,1644.107613
1573.792281,475,1644.412618
1571.40259,500,1644.696703
1646.101147,500,1644.949731
1630.784998,500,1645.203648
1577.133893,480,1645.448098
1585.762143,500,1645.706575
1583.999909,483,1645.961006
1574.548037,500,1646.200924
1579.288557,500,1646.439016
1561.59172,472,1646.666923
1533.408441,462,1646.926147
1594.545185,488,1647.178802
1582.578892,486,1647.421463
1584.444161,475,1647.654984
1540.895461,500,1647.89483
1585.579744,484,1648.13841
1577.923176,480,1648.385265
1655.885854,500,1648.655433
1637.894759,500,1648.911677
1584.514145,500,1649.166596
1580.899373,500,1649.41889
1586.183207,500,1649.673268
1584.541911,484,1649.92516
1565.920858,476,1650.175786
1580.584568,500,1650.422779
1570.285771,500,1650.657676
1570.798949,500,1650.891603
1552.516282,470,1651.111981
1636.833344,497,1651.338826
1575.291403,500,1651.567293
1583.786236,477,1651.782968
1577.082215,500,1652.013013
1644.724888,500,1652.25279
1573.612669,479,1652.474944
1582.070548,500,1652.69836
1594.810679,484,1652.921901
1588.921883,482,1653.146207
1592.614799,478,1653.371981
1545.021919,500,1653.603134
1592.308005,482,1653.824338
1576.631452,500,1654.048838
1581.188304,482,1654.315253
1568.37615,475,1654.582011
1536.764645,466,1654.815573
1584.715021,483,1655.054038
1586.03892,477,1655.28179
1588.055103,500,1655.517872
1561.927522,468,1655.734751
1555.500463,476,1655.950837
1583.766875,500,1656.192599
1630.134532,500,1656.414244
1557.128481,479,1656.631233
1639.61783,500,1656.864735
1294.459149,439,1657.0579
1550.608876,466,1657.272061
1583.247879,478,1657.493798
1566.676521,500,1657.740355
1604.169551,485,1657.958775
1569.9408,474,1658.215715
1537.436077,500,1658.480424
1567.188321,500,1658.745317
1583.562639,480,1658.981599
1578.962504,500,1659.221478
1633.177881,500,1659.468468
1597.637331,500,1659.713725
1564.514188,500,1659.959576
1565.9066,500,1660.205729
1588.635346,479,1660.442605
1584.443354,475,1660.671662
1580.021067,474,1660.898386
1586.907314,500,1661.140292
1569.715868,478,1661.367553
1592.092944,482,1661.592408
1567.551776,477,1661.821916
1582.999433,477,1662.051719
1644.645235,497,1662.298568
1641.750235,500,1662.545486
1568.85434,500,1662.783798
1587.040218,481,1663.028701
1574.603787,482,1663.264253
1584.368644,500,1663.50926
1584.253442,486,1663.743954
1570.881532,500,1663.981612
1557.073543,476,1664.206966
1581.010389,485,1664.453347
1576.885591,500,1664.699353
1591.046013,477,1664.925203
1627.542902,500,1665.162384
1581.58202,475,1665.390919
1572.24346,500,1665.631673
1596.692089,500,1665.877718
1581.866198,500,1666.114088
1600.048959,500,1666.362002
1585.778672,479,1666.604435
1581.972369,500,1666.847063
1572.261992,474,1667.076171
1593.251837,485,1667.322225
1555.912057,468,1667.548797
1545.536548,500,1667.796952
1582.639011,500,1668.042087
