#{"t_start": 1737054057.2557657, "env_id": "CustomHopper-source-v0"}
r,l,t
15.396399,17,0.662191
11.576092,18,0.674884
13.976832,29,0.694852
7.589487,10,0.701581
6.116422,9,0.709233
8.221199,29,0.727734
16.585639,17,0.739735
10.741261,15,0.752918
3.925657,17,0.763873
24.620739,24,0.780776
17.409793,18,0.792548
37.69849,34,0.814808
10.747963,12,0.823266
23.311713,20,0.837986
24.364247,24,0.853744
68.924192,54,0.887411
7.307096,12,0.89546
6.552459,11,0.903193
5.161522,14,0.912117
7.513808,21,0.92591
3.863428,14,0.935429
6.780086,10,0.943377
10.871907,22,0.958384
11.910673,18,0.970486
6.580971,23,0.984935
26.180504,30,1.0073
20.336908,22,1.024889
7.451519,13,1.032923
7.431691,15,1.043693
7.680455,14,1.054538
3.945341,8,1.059758
10.982184,14,1.070371
9.498903,14,1.080469
28.276873,28,1.100179
5.323832,10,1.107322
8.488021,12,1.115716
14.621282,17,1.127146
9.374983,15,1.137674
1.856255,17,1.149364
11.432988,15,1.159768
8.129875,17,1.174294
18.911377,17,1.191016
11.311513,34,1.213348
27.454194,41,1.241282
14.770273,21,1.259557
12.266431,15,1.273695
34.024909,53,1.318756
7.848229,17,1.331288
4.272494,13,1.341266
11.346849,20,1.355275
10.473398,12,1.364478
8.356398,10,1.372268
8.987382,19,1.385467
26.366043,31,1.408821
7.03848,20,1.422374
7.447935,13,1.43205
5.215116,13,1.441279
8.791772,11,1.449373
7.477511,18,1.462006
4.248374,9,1.467399
10.359492,21,1.481307
11.892586,14,1.491664
-0.816556,20,1.506408
13.094153,17,1.518132
28.287837,27,1.53986
5.727288,8,1.545819
5.12846,20,1.559794
4.257513,9,1.56565
9.998137,23,1.58263
7.286137,13,1.593544
12.923077,16,1.606023
10.9816,14,1.614999
39.61026,58,1.66232
46.543998,37,1.690907
7.109798,11,1.701616
4.69144,14,1.71507
5.178136,13,1.730773
4.670737,9,1.737729
10.704616,29,1.76613
4.769093,15,1.781108
21.566839,29,1.809101
9.332591,15,1.826062
7.93204,14,1.836191
3.1835,7,1.841896
18.076583,19,1.855938
8.842044,13,1.864983
17.148091,24,1.881922
26.353148,32,1.90354
4.251504,8,1.909655
6.903988,11,1.918153
12.232306,14,1.928275
5.754785,9,1.934956
6.162084,12,1.946454
11.567002,20,1.961735
4.608186,8,1.967123
10.221774,18,1.982622
9.040583,16,2.001629
11.094805,15,2.017715
3.691867,15,2.033449
7.460491,15,2.052527
28.285892,25,2.081033
14.281657,18,2.096076
16.656861,17,2.11029
28.298904,22,2.127541
4.710064,9,2.134124
27.784918,32,2.158813
3.883924,9,2.166824
22.162229,25,2.187938
27.894044,28,2.212595
2.252685,10,2.221479
15.351923,18,3.480098
8.560853,10,3.486667
40.447367,39,3.520551
13.677811,36,3.545299
15.501073,17,3.556226
6.084038,18,3.572862
42.682207,40,3.60043
8.219925,18,3.612559
9.254031,12,3.620863
28.812319,31,3.641224
14.840842,28,3.660387
13.433473,13,3.670587
24.134191,23,3.68582
121.757608,68,3.733902
16.559718,33,3.755084
24.085848,28,3.775167
31.857706,26,3.794427
112.332825,71,3.840755
54.181825,36,3.867172
40.333921,39,3.892842
41.833815,33,3.915778
39.418999,28,3.935199
8.179704,12,3.942758
12.801738,24,3.958499
15.713633,16,3.969823
9.736657,22,3.985088
19.464038,40,4.012751
27.10302,27,4.031504
9.490911,18,4.043935
79.200338,51,4.08212
11.399523,16,4.094724
53.43797,59,4.136952
15.770731,20,4.150041
31.448403,27,4.167002
150.03139,85,4.222739
5.509467,9,4.22876
9.500483,33,4.250854
53.568671,63,4.291285
58.801114,53,4.331428
30.548081,25,4.347465
6.332446,15,4.357415
79.960847,74,4.408424
9.911043,33,4.430214
5.865454,9,4.437196
32.330993,37,4.467067
14.523513,14,4.477719
18.748114,18,4.491833
118.395687,86,4.553459
65.725159,39,4.581342
5.76331,17,4.59328
41.556623,30,4.612466
14.752162,33,4.63731
69.822235,41,4.663442
5.107564,13,4.677685
9.232807,16,4.694087
14.311397,16,4.710363
13.647717,15,4.725796
29.308503,27,4.753196
12.269787,18,4.789686
50.072137,41,4.869403
12.431759,13,4.887568
16.014243,17,4.899642
33.715348,33,4.926156
6.73087,10,4.933411
11.465387,27,4.95289
6.218757,20,4.967558
14.049213,14,4.976955
11.868298,27,4.995777
20.375469,19,5.009291
8.06953,14,5.019603
72.988412,41,6.486003
50.188004,41,6.517375
58.113451,33,6.546193
85.803512,47,6.58388
132.350297,79,6.6552
49.944184,35,6.683653
9.734213,19,6.698374
21.52744,20,6.715517
6.338453,9,6.726795
149.581002,100,6.805997
20.4053,21,6.828834
80.662441,55,6.875719
72.511041,43,6.914605
97.214495,71,6.973808
193.396465,129,7.085892
59.407332,35,7.123154
6.25132,9,7.130415
63.915266,53,7.173792
14.574648,16,7.187718
11.461589,15,7.200283
12.655634,28,7.228674
51.182592,57,7.27341
10.636888,27,7.297797
6.759702,20,7.315242
9.138732,11,7.325153
44.572866,25,7.347722
19.074904,19,7.365807
9.792616,14,7.377671
8.776081,11,7.386554
19.987495,24,7.40754
24.131941,27,7.436527
147.130622,102,7.530045
16.385219,20,7.543473
24.709748,30,7.563868
8.028441,13,7.575871
83.869347,55,7.61334
36.58662,29,7.633287
218.594271,110,7.710145
60.143524,50,7.745173
36.892464,28,7.765014
117.799847,75,7.818131
28.220283,33,7.843024
111.224411,57,7.884266
6.371716,9,7.893871
131.926246,95,7.964204
9.894877,12,7.972852
58.408463,57,8.01996
8.90582,13,8.035131
23.806446,27,8.062743
72.6827,58,8.107782
12.040032,23,8.132039
17.782037,22,8.147745
28.10027,28,9.401839
121.396111,63,9.446698
12.408903,15,9.45752
7.063071,10,9.463937
46.164364,40,9.494444
12.02353,29,9.528962
18.728923,20,9.550841
145.193133,86,9.610534
134.372512,81,9.673062
44.192925,35,9.702367
189.056492,107,9.825428
195.51285,100,9.905284
18.711357,18,9.920759
36.953329,35,9.962509
178.387349,90,10.128868
5.901116,10,10.13852
102.434328,66,10.200661
95.466645,58,10.245625
117.513711,101,10.326473
107.616345,57,10.368212
144.35426,75,10.430149
67.887218,39,10.459686
113.879957,73,10.524495
125.586328,73,10.578976
13.944402,16,10.592746
71.569439,43,10.62575
152.84941,96,10.693129
15.995711,17,10.709598
165.456269,95,10.814214
85.093066,60,10.879023
64.352021,38,10.910977
62.795617,39,10.93993
120.09035,63,10.985641
99.927124,66,11.030227
79.693242,58,11.080862
142.729001,75,11.225456
66.887369,39,11.267648
118.473693,70,12.724067
249.768069,150,12.906734
56.700592,44,12.959793
136.18717,69,13.062408
145.48549,73,13.138721
101.876683,61,13.200493
117.360967,72,13.291573
123.127872,64,13.370131
94.076573,96,13.503813
126.194027,63,13.588387
160.051577,96,13.680005
37.804839,53,13.719346
91.405521,50,13.755425
183.582959,89,13.821153
132.722308,66,13.883375
148.048783,78,13.95356
59.826209,35,13.983441
73.363176,43,14.019791
22.62948,18,14.038508
301.28437,194,14.24597
75.720456,43,14.298658
82.146384,48,14.354066
78.495337,45,14.397595
32.02389,31,14.423291
134.956415,69,14.481596
146.043766,71,14.532209
191.0221,95,14.61546
85.065589,48,14.650326
138.007693,70,14.709639
111.556416,60,14.752802
86.737033,47,16.405493
130.293427,72,16.458414
175.533502,92,16.541396
129.962953,67,16.619347
125.235787,77,16.679181
90.337654,48,16.714355
92.634482,53,16.780659
201.9665,110,16.864284
250.849479,155,17.003963
22.571464,20,17.017722
64.319662,36,17.04187
85.803142,48,17.074435
223.35071,111,17.161081
122.599359,65,17.204401
68.774579,40,17.244368
65.723084,38,17.302014
82.648797,46,17.339869
148.553923,73,17.395366
212.674601,98,17.465138
98.541525,58,17.514162
114.28952,60,17.558813
203.448609,107,17.647566
87.979901,55,17.697477
14.943359,17,17.711297
219.491179,106,17.859946
185.342084,93,17.936824
6.938462,9,17.945363
17.776952,23,17.961769
120.656459,61,18.009965
121.37277,63,18.061838
76.295969,41,18.099926
126.684405,70,18.155085
61.199102,42,19.392838
237.868354,124,19.493275
220.288095,101,19.577009
222.541327,105,19.700045
228.265871,100,19.797238
232.971893,119,19.922155
64.399551,37,19.958627
221.061629,118,20.065021
64.643942,53,20.113767
77.433117,51,20.153073
204.593959,116,20.254182
163.978088,80,20.320629
142.593172,101,20.395607
199.820381,126,20.500487
99.017945,53,20.615772
77.271458,44,20.654592
155.629463,78,20.741706
140.409309,71,20.799218
82.235873,52,20.839676
202.975179,116,21.109069
150.234965,74,21.174858
207.795381,117,21.302924
114.049183,61,21.355327
133.01516,67,21.407084
59.10798,43,21.450133
188.180153,96,23.205
211.90703,87,23.277602
106.24191,61,23.335169
141.842265,65,23.38845
207.60524,105,23.494928
223.523763,96,23.599785
113.971219,63,23.655609
128.103128,74,23.719779
209.820135,102,23.799548
62.243596,35,23.823095
120.827185,59,23.877294
179.518691,88,23.945735
117.56106,67,24.001044
86.214317,48,24.066531
94.126955,50,24.108398
247.721659,143,24.206498
172.81149,99,24.297759
142.64361,74,24.369072
228.390085,138,24.489858
139.339515,70,24.538275
65.401462,35,24.590807
193.906914,106,24.70951
215.98755,106,24.804734
254.214493,142,24.973968
86.275479,48,25.053841
194.230156,108,26.777214
217.558046,96,26.865215
141.002378,69,26.921875
114.63467,58,26.980982
184.115113,108,27.06568
189.265599,85,27.143459
196.325676,99,27.230029
159.756442,75,27.298884
227.960534,107,27.395935
204.573407,91,27.482141
227.51177,102,27.56296
117.421335,61,27.610894
109.485836,57,27.659064
211.655709,100,27.73457
156.011529,77,27.823925
92.135095,48,27.859606
101.513747,53,27.897208
226.493885,104,27.989542
127.19682,61,28.042839
154.681801,93,28.132233
197.829864,97,28.240398
235.496992,111,28.332824
201.291666,98,28.425196
124.911731,65,28.469339
85.497649,50,30.052776
191.625741,100,30.160238
146.93832,71,30.229831
208.33393,96,30.320535
212.605194,96,30.399863
197.42258,98,30.488837
36.161129,28,30.511747
208.990321,103,30.65336
213.84361,113,30.832418
201.070108,89,30.957625
126.505034,63,31.056127
240.020232,113,31.150277
222.632925,106,31.241349
154.090733,74,31.301214
230.551991,123,31.5307
210.388059,105,31.6209
222.945793,115,31.723033
220.293894,95,31.81276
150.523933,71,31.874017
208.019476,95,31.956964
188.683573,102,32.040045
229.989487,116,32.125474
218.548004,104,33.64928
271.993498,119,33.776506
169.506381,86,33.874264
227.096075,103,34.008663
215.932137,108,34.121329
138.571745,73,34.20651
68.974767,41,34.2425
200.400396,97,34.349153
144.775868,73,34.47403
218.188969,103,34.58229
230.22771,108,34.677029
219.343302,112,34.766737
236.352167,106,34.86655
222.319167,106,34.967667
228.151827,116,35.080521
214.582629,104,35.157663
222.121881,106,35.265161
259.154943,118,35.497996
257.345334,127,35.604989
224.237251,108,35.717377
216.052901,113,37.036942
282.056683,118,37.137393
226.116856,101,37.22226
191.126141,95,37.299842
223.599093,95,37.376352
114.636195,61,37.425001
215.201674,102,37.507862
183.026958,82,37.571156
142.710251,67,37.619142
216.811871,94,37.68489
216.880319,103,37.760388
228.730911,107,37.833068
216.875075,101,37.905472
234.12629,111,37.980461
238.654945,105,38.168585
216.670021,97,38.386051
267.950582,132,38.558339
211.722771,102,38.644739
224.893037,107,38.737687
207.53206,90,38.815402
138.841801,67,38.876269
223.99974,96,40.247981
222.916422,104,40.320304
218.620472,103,40.392247
229.593408,109,40.467877
236.385185,118,40.546449
201.548796,90,40.614563
254.764378,122,40.693769
265.649268,117,40.769798
231.338395,105,40.840647
240.182661,108,40.912932
220.08668,99,40.974678
234.521934,107,41.050135
191.267335,96,41.117063
140.376705,72,41.166657
224.565009,103,41.243879
223.068824,99,41.317187
251.325705,116,41.404051
256.63419,114,41.488441
214.356701,98,41.560425
84.841104,56,41.599692
117.813296,62,41.644003
188.798705,87,43.271815
221.990257,94,43.352855
203.835523,89,43.431209
213.678096,91,43.511032
244.351658,102,43.608267
177.873504,78,43.673817
226.437057,104,43.758285
216.434673,100,43.837641
206.643197,99,43.916676
226.204778,101,43.995485
223.740377,107,44.08308
234.407545,103,44.165966
93.543295,49,44.20085
225.182791,98,44.273676
206.157358,96,44.336215
126.750278,61,44.376953
238.076978,105,44.442727
230.615498,119,44.520691
239.077217,120,44.596794
242.032893,108,44.667999
216.222941,99,44.751814
222.236977,97,46.097341
253.693782,106,46.187553
226.901243,101,46.273285
205.136315,90,46.349817
225.802977,104,46.434345
256.208411,111,46.520192
243.528172,116,46.607563
253.304973,113,46.693566
269.895897,121,46.795821
172.880599,86,46.856476
260.352699,118,46.937543
227.431576,101,47.00226
269.927124,129,47.087323
295.089024,120,47.169457
273.419223,118,47.256119
264.460277,126,47.349026
217.648009,107,47.434006
244.131972,111,47.512071
254.882856,108,47.633311
216.831514,98,49.02836
295.581854,136,49.162263
202.809273,96,49.278554
249.633743,111,49.366148
186.187302,87,49.43415
268.070179,112,49.515061
250.377734,109,49.593712
229.620814,106,49.665643
243.96453,119,49.746423
242.797965,113,49.820472
303.673737,121,49.899897
240.755437,111,49.976879
236.73199,108,50.058723
58.555393,35,50.082476
251.57561,107,50.177324
253.496284,119,50.293631
268.922208,116,50.394659
236.358768,105,50.49392
226.62611,113,50.579913
278.912724,122,52.18337
297.1421,126,52.286068
243.382852,113,52.363509
229.138686,98,52.432457
261.511051,110,52.508327
224.208593,101,52.575041
236.380547,124,52.655969
213.046555,92,52.721127
273.744726,112,52.792149
257.620929,115,52.870007
247.490797,112,52.943834
214.365464,91,53.009658
281.95854,112,53.082796
233.426691,110,53.152224
307.516295,121,53.233037
250.582676,119,53.308759
230.994039,98,53.372784
281.303729,126,53.455168
240.751057,118,54.74291
259.960398,111,54.849984
239.288264,104,54.942348
205.438287,97,55.036042
232.263927,102,55.159531
312.75949,123,55.285057
270.491601,113,55.383482
292.81582,115,55.48119
300.370526,122,55.575824
292.603941,118,55.667788
259.185217,109,55.750216
304.778878,124,55.854422
241.303084,104,55.937882
253.564608,112,56.025356
236.911394,110,56.115119
242.624097,112,56.215195
236.770089,110,56.302295
293.66301,124,56.389982
288.632252,124,56.480101
228.266268,101,57.80832
254.035127,109,57.89045
220.445878,98,57.966038
293.450102,121,58.052509
191.124012,86,58.11158
241.122191,104,58.177082
136.088913,66,58.225698
289.26378,119,58.30391
266.010145,122,58.383122
193.103393,89,58.442634
234.656416,105,58.518005
286.823228,119,58.599085
300.152322,133,58.686567
138.475893,66,58.73164
225.965837,109,58.804219
230.64526,113,58.875808
278.00273,112,58.945961
261.735464,112,59.017594
135.781678,66,59.057679
279.257372,126,60.325355
207.130968,106,60.40209
331.907474,128,60.494262
297.437212,126,60.581736
293.791463,117,60.660006
285.790477,118,60.740693
294.67785,124,60.820721
288.967181,119,60.89885
105.612331,58,60.936555
354.588033,159,61.035966
285.357244,133,61.122457
206.655865,91,61.1822
286.253166,121,61.272739
243.381445,111,61.344644
256.414734,116,61.42133
263.662631,116,61.497326
267.409881,116,61.571786
332.472264,163,61.68056
272.664638,131,63.05689
302.564574,124,63.149893
108.933904,60,63.191432
295.761509,142,63.30168
103.022598,56,63.346757
295.795931,118,63.425548
342.776927,139,63.521677
322.764456,128,63.605402
303.286486,118,63.683755
324.388643,123,63.775292
324.140826,138,63.868052
365.265724,155,63.980387
195.423739,106,64.061094
300.212755,125,64.162091
293.071752,120,64.254612
284.932446,120,64.346915
301.874535,125,64.437817
414.922517,178,66.033144
308.842729,129,66.140031
284.791799,123,66.237539
337.846465,151,66.38917
317.679356,127,66.514764
331.553253,134,66.637286
357.082242,135,66.746627
426.543442,160,66.86282
313.767323,129,66.956087
292.604643,120,67.042747
329.845333,125,67.126323
349.812143,143,67.222211
73.001479,40,67.248077
344.139069,137,67.343483
327.427921,126,67.437886
292.704312,129,68.646133
293.148038,130,68.730384
305.073309,132,68.830417
342.085055,134,68.932328
285.929621,127,69.040365
334.762846,134,69.151908
302.580379,125,69.242227
351.415141,138,69.346538
292.438062,125,69.462429
471.835355,185,69.6216
184.080706,81,69.684994
297.502196,127,69.794628
324.576609,134,69.888553
328.825294,147,70.002647
321.738751,136,70.104944
227.889069,107,70.189601
346.51976,135,71.808856
295.801417,121,71.915251
309.223735,130,72.016951
306.953342,128,72.120417
302.656381,130,72.219812
271.898561,110,72.303872
319.723505,121,72.392208
285.82154,132,72.533142
288.312661,120,72.621982
248.147606,106,72.72142
329.27778,129,72.828758
292.867398,121,72.914915
310.800572,128,73.029752
351.054124,129,73.135987
322.78603,136,73.238877
303.25396,126,73.340848
307.044816,127,74.879804
299.947964,121,74.976227
330.84958,140,75.101611
301.936061,124,75.198837
470.000376,181,75.327489
293.854555,118,75.415218
145.890881,70,75.48156
298.779853,129,75.576625
284.671543,117,75.707977
427.467046,175,75.841862
317.740471,128,75.930303
291.146098,122,76.023082
372.616236,152,76.166965
321.85521,127,76.270092
310.173889,140,76.379612
313.351726,126,76.486733
325.995126,137,77.911275
420.026744,167,78.047625
338.460744,131,78.14642
345.81769,133,78.244543
385.538545,148,78.401049
308.374083,125,78.548299
327.016936,131,78.666953
233.232527,105,78.755477
236.322591,103,78.849305
481.083335,187,79.107892
313.895527,130,79.211745
198.931644,92,79.283791
261.664524,114,79.410032
323.518923,127,79.506259
351.336257,135,79.618609
548.31431,201,81.091312
323.106907,130,81.189595
350.154073,139,81.292381
300.621112,123,81.386758
343.245962,137,81.494756
396.926902,149,81.609007
313.139966,133,81.711886
332.080936,135,81.816138
361.859356,143,81.928269
338.820426,144,82.035931
390.38451,146,82.145084
272.858,126,82.235207
366.363177,138,82.335222
307.516953,126,82.429296
257.178278,126,82.546881
194.891405,93,82.628488
339.150759,150,84.274975
489.54239,183,84.419671
310.452856,132,84.515475
424.607321,156,84.6273
356.752241,137,84.721277
274.222568,124,84.810349
303.61258,128,84.904763
332.985421,141,85.004909
325.779949,142,85.109285
552.499411,201,85.266192
291.09908,123,85.389509
381.606455,144,85.520776
325.68728,144,85.628145
400.880002,160,87.079842
365.523802,141,87.19358
477.01983,174,87.330474
355.363465,137,87.429086
476.602465,173,87.598994
313.108755,136,87.711605
420.415597,160,87.848179
333.181919,133,87.957483
305.507364,132,88.088325
343.565043,137,88.190094
463.117327,175,88.345474
313.046436,135,88.560394
517.607311,182,88.74817
331.610312,143,88.891296
365.691186,138,90.58214
279.04263,123,90.776857
359.894496,152,91.009549
528.907361,191,91.183269
409.251663,160,91.332599
463.444621,180,91.482201
396.497009,149,91.599867
314.704044,135,91.71452
302.872493,131,91.812704
345.15403,139,91.912131
481.218018,180,92.053229
201.560746,94,92.13323
448.043796,172,92.266618
486.037298,176,92.388412
323.330734,126,93.634691
325.037507,127,93.742526
261.187726,118,93.830395
342.802899,135,93.927472
324.947192,128,94.016898
439.071359,171,94.130315
347.361007,141,94.239186
342.330186,139,94.339417
340.188437,135,94.550517
475.870332,182,94.773939
306.531115,125,94.888079
344.071818,139,95.009059
262.134835,115,95.107002
370.854251,137,95.219003
361.507227,143,96.70553
482.450001,182,96.836306
350.197402,141,96.933002
389.019471,155,97.03747
518.079275,178,97.214027
406.463689,161,97.342269
489.356036,183,97.485396
427.0051,165,97.594788
452.666168,170,97.713391
535.732207,198,97.845043
440.550172,175,97.970283
257.218042,119,98.064466
623.640615,204,98.218793
275.501156,129,99.770214
262.716448,117,99.989462
329.306027,137,100.116749
331.683633,140,100.240527
464.631627,179,100.415052
286.286362,117,100.502403
313.67035,139,100.611564
333.005027,134,100.719381
306.892897,132,100.825116
533.548012,192,100.964441
541.918453,201,101.126225
321.262223,138,101.217647
600.164995,210,101.395478
467.994414,171,103.816613
326.989715,137,104.029031
456.794324,170,104.279726
562.080817,190,104.520267
362.025153,141,104.699335
557.223979,192,104.90085
306.42725,138,105.003199
359.378111,141,105.171071
291.436179,127,105.414336
364.338069,144,105.615463
320.171773,136,105.857074
351.194027,135,106.069543
505.416296,187,106.256541
341.795743,140,108.007574
354.566147,147,108.136398
470.583192,180,108.297362
506.723604,193,108.526363
523.932071,193,108.663892
255.040023,122,108.755684
488.217987,196,108.892079
579.723913,205,109.031281
522.535976,190,109.16327
357.365571,146,109.320445
481.155227,194,109.458561
326.180525,139,109.551119
455.021842,181,111.351518
591.554867,202,111.518212
560.503042,200,111.677
478.686302,174,111.85152
330.738119,134,112.003062
359.457355,146,112.147465
344.594863,140,112.309616
350.240037,150,112.486447
466.668425,173,112.605293
336.618263,139,112.695626
343.672299,153,112.799536
520.20077,185,112.94455
591.059039,206,113.085324
528.314253,191,114.806189
479.424308,182,115.095642
563.932084,197,115.259602
560.531339,195,115.407502
576.386574,207,115.597122
540.519257,195,115.74064
580.420417,204,115.906826
503.473834,182,116.049319
573.274095,200,116.302863
408.595409,155,116.506796
627.184193,216,119.535067
463.971576,183,119.701335
649.583375,232,119.898703
477.499997,181,120.05912
526.636827,192,120.231373
394.129512,163,120.350396
560.252501,200,120.494924
651.645245,222,120.702499
513.759223,197,120.879386
570.53185,215,121.049483
539.823847,192,121.199761
347.988642,149,122.801675
468.395673,189,122.980489
629.767627,221,123.165774
412.117586,151,123.309369
232.079266,112,123.40501
354.619024,155,123.532789
568.961687,200,123.695314
619.001638,232,123.867357
125.490896,63,123.909418
520.802335,193,124.058091
484.430692,165,124.171221
552.300765,225,125.68856
368.057812,154,125.835189
420.82716,156,125.959949
497.804292,181,126.124215
261.09443,115,126.201863
585.679604,210,126.363689
171.218785,86,126.424571
566.027993,189,126.566741
532.559928,196,126.692554
413.841742,153,126.8131
296.5959,138,127.005839
513.189455,192,127.214709
386.970979,156,127.353942
739.723011,251,129.124759
626.002733,214,129.488278
499.907025,191,129.690964
708.651131,248,129.978465
1108.0623,377,130.23837
690.071094,255,130.41059
575.441958,194,130.530196
373.457853,156,130.626096
247.795821,119,130.7017
163.46948,81,130.753857
573.875888,213,132.370979
479.646866,189,132.531639
542.724031,195,132.671983
689.594271,249,132.842889
613.234361,196,132.96874
1091.997302,360,133.212378
588.58538,224,133.387666
733.583824,257,133.591578
601.014587,230,133.741786
708.466601,255,135.211319
688.879303,233,135.389882
611.579337,211,135.555845
263.8405,129,135.667661
550.882787,202,135.82225
648.035982,219,135.985397
831.271519,269,136.204764
607.136057,234,136.37372
605.204346,233,136.523297
723.333803,251,138.03027
760.940268,257,138.233647
858.850734,292,138.449747
285.172702,131,138.538634
742.221495,257,138.705686
664.657211,231,138.849541
630.040681,220,138.993813
657.624223,209,139.138214
870.123629,321,140.643888
482.601666,181,140.776846
261.528236,123,140.859962
531.3404,194,140.997714
736.000963,257,141.16361
621.442191,225,141.315562
926.772261,310,141.512551
570.858759,206,141.646654
277.620414,127,141.727214
726.234211,255,141.896232
521.426274,197,143.28563
226.297468,103,143.365577
462.473049,176,143.508009
304.607502,127,143.61115
600.96327,204,143.865413
317.141913,137,143.973091
569.115723,202,144.126485
609.282614,213,144.268195
565.008961,201,144.392202
904.054809,308,144.584013
581.65365,207,144.707902
624.442998,210,146.524491
552.56083,203,146.678799
853.788634,277,146.883622
479.063458,177,147.000491
559.276485,202,147.132212
767.266258,248,147.332607
594.432059,213,147.507356
464.082513,175,147.635684
752.687422,257,147.820988
903.355976,352,149.313732
717.313785,262,149.486752
597.589465,197,149.611762
714.630236,256,149.776156
924.829629,324,149.981419
666.616001,238,150.13804
814.562587,279,150.323068
701.243797,269,150.495651
1111.494798,346,152.084164
863.16579,280,152.434396
799.933647,265,152.66995
1111.013778,381,152.995536
529.391089,206,153.163774
766.409634,267,153.365219
726.592173,250,153.581752
570.326926,200,155.138314
514.401527,189,155.27779
672.507989,229,155.453323
555.696852,201,155.641851
511.956765,194,155.848595
496.392421,193,156.002074
624.249317,224,156.182041
275.712357,114,156.257898
501.863668,190,156.407729
1008.544671,336,156.648579
542.819857,205,157.975149
767.360657,256,158.173467
609.968486,212,158.329696
582.457185,207,158.472462
573.768292,204,158.612373
800.465921,270,158.796534
807.635407,274,158.999788
531.515642,180,159.126807
752.534985,252,159.314271
581.666124,228,161.02045
1343.382368,500,161.406506
595.302427,197,161.573047
845.169359,288,161.783951
1313.479248,485,162.135444
988.914619,414,162.544973
1106.028381,359,164.342545
783.367802,279,164.576928
490.345121,189,164.715951
854.38603,288,164.908734
592.176501,215,165.062725
322.346804,152,165.172536
751.643393,271,165.364223
941.599865,336,166.744412
325.449922,139,166.847658
415.175664,165,166.972884
832.729368,276,167.18727
740.90555,254,167.373626
535.456651,204,167.552125
605.270839,200,167.71594
283.823955,136,167.820962
777.856384,265,168.030162
476.36613,187,168.178467
785.705523,260,169.624472
895.356135,321,169.830072
1293.97141,443,170.101335
209.934269,108,170.172503
1312.978301,500,170.489018
162.328865,85,170.540356
762.597895,256,170.704306
766.478374,256,170.866258
1075.622211,365,172.379878
527.361084,196,172.528959
733.565094,260,172.69757
1063.795296,341,172.917497
490.116249,185,173.031127
240.04825,114,173.105433
991.887975,346,173.330638
937.13568,308,174.849702
955.251447,362,175.137672
1150.957285,500,175.474452
1157.186883,485,175.812637
1231.72824,500,176.205811
667.220939,232,177.974924
1404.69491,500,178.362847
593.068342,213,178.507449
1308.317251,500,178.950686
608.695148,210,179.097438
964.538781,340,179.33477
560.231195,206,180.732047
562.700939,205,180.888263
700.333025,282,181.086536
1098.809168,346,181.31354
443.695309,145,181.40971
671.339665,219,181.546935
568.488778,207,181.710686
891.284141,291,181.928502
233.724814,106,182.134495
774.131155,254,183.87632
899.528545,301,184.142182
553.845884,196,184.307771
853.533085,310,184.545033
889.79676,289,184.750733
942.6729,296,184.95466
734.484655,241,185.125904
888.169428,295,185.332174
322.279098,147,186.564154
928.673794,309,186.783846
934.366383,284,186.976671
768.492491,262,187.158257
1408.164171,467,187.490387
1362.320456,500,187.881726
833.959064,263,189.173875
637.411488,216,189.338873
1173.1439,377,189.593786
965.302408,305,189.789546
757.415924,251,189.95568
938.811072,300,190.142531
552.989225,191,190.258211
753.824731,261,190.537835
589.623063,188,192.453298
1239.682467,412,192.778032
1049.931538,328,193.018812
899.365185,290,193.222245
1013.889895,356,193.476981
217.466454,104,193.553195
532.385181,223,193.704838
876.456409,276,194.985555
513.291002,192,195.13424
918.262047,283,195.343642
657.80974,220,195.530232
605.856753,203,195.725265
607.710331,206,195.89535
628.522221,211,196.057485
815.428559,261,196.269288
823.676523,253,196.455114
1507.11817,500,198.241385
832.235381,260,198.440276
1057.896467,343,198.670509
1258.874412,486,198.991925
611.068546,205,199.126653
730.717285,292,199.314736
1147.581226,352,200.858796
1032.551006,319,201.079121
536.072309,203,201.223509
822.185742,284,201.40711
1284.536286,500,201.754998
719.52681,243,201.913115
1008.403556,367,203.364701
795.289456,256,203.554127
928.250066,295,203.785897
1048.456416,341,204.045719
572.949168,207,204.188285
743.43212,254,204.368833
680.11853,238,204.567564
633.83163,219,204.757074
885.296058,291,206.357271
605.617478,218,206.517753
1057.893424,401,206.775759
1133.045957,382,207.015637
1074.844536,414,207.284802
1310.633985,500,208.886945
900.670267,292,209.124381
702.537773,217,209.277224
894.640236,280,209.460876
1038.490165,318,209.67138
869.948035,273,209.879537
865.612246,270,210.081509
623.283729,214,210.219904
619.864809,213,211.68703
1144.869623,380,211.969992
1464.828922,500,212.34899
880.722252,280,212.553579
1082.651493,359,212.785238
1129.943872,343,213.015054
728.374354,265,214.566772
922.868069,288,214.779486
805.482787,261,214.95487
873.728338,272,215.124676
723.785153,249,215.276484
657.138365,229,215.423795
581.807461,199,215.552604
553.829884,200,215.67727
909.017612,296,217.411525
827.296423,285,217.632177
579.141503,209,217.80902
709.123232,230,217.986164
583.394567,207,218.153594
783.872848,254,218.315043
1247.89022,409,218.6095
962.739545,310,218.833751
794.960351,282,220.497485
586.830366,203,220.645328
1243.661479,408,220.91157
485.984155,186,221.036809
1063.517742,342,221.257609
773.198819,248,221.446455
352.975389,151,221.559696
746.389343,249,221.747031
1394.81154,461,223.563305
809.75399,268,223.766225
1030.470005,374,224.214369
825.622978,268,224.699196
1399.764139,500,225.455097
901.106052,321,227.212205
690.453381,235,227.438274
1182.376861,404,227.810588
983.350077,331,228.106638
736.15182,271,228.526955
754.205265,264,228.762003
776.013755,271,228.966446
949.532437,303,230.453306
827.103762,272,230.636585
1251.398227,500,230.96386
1326.393413,500,231.285135
1187.504861,500,231.600691
946.253483,323,233.160466
1204.780655,373,233.41907
629.330301,210,233.573316
880.910734,262,233.746433
639.817577,204,233.882543
961.061487,306,234.101746
891.155595,271,234.275915
591.926435,184,234.487144
861.293582,267,235.764159
857.600963,277,235.956126
700.536057,221,236.137972
786.091138,250,236.347199
960.824399,312,236.62286
1304.404717,454,236.941776
787.117116,262,237.115254
997.367361,304,238.456326
609.482258,210,238.593147
660.623521,221,238.737943
784.332048,231,238.921622
855.040593,261,239.090502
790.970076,271,239.264543
780.542391,241,239.422273
938.598957,290,239.601206
843.828152,268,241.091495
1072.381606,343,241.343817
797.200747,273,241.532229
567.489605,204,241.670165
739.147544,229,241.817313
601.449474,198,241.939011
1295.762327,397,242.193657
816.085724,264,243.503806
814.76869,279,243.720636
298.638472,135,243.813273
1141.618289,395,244.076556
774.190811,252,244.26494
817.896499,272,244.469296
1169.957087,402,244.75135
1097.44799,347,246.117807
785.477931,247,246.292559
873.480563,285,246.470862
837.025998,249,246.621258
1317.079502,399,246.883183
868.751557,269,247.048273
827.809537,270,247.221813
735.771476,230,247.367049
1061.850227,328,248.865975
1487.152399,482,249.187058
904.290713,266,249.357069
1296.842264,420,249.622602
588.943659,202,249.747002
991.684545,328,249.956103
831.479908,272,251.276125
1306.901267,393,251.560035
1219.379273,409,251.825431
1034.045189,316,252.033591
1044.884503,316,252.241313
1003.576497,326,252.49625
1096.406851,336,253.943275
766.243722,254,254.132288
1338.152849,423,254.404886
1360.60175,475,254.756762
1435.027667,491,255.070271
732.912534,233,256.364469
767.180343,245,256.53518
648.30151,213,256.676207
777.572751,244,256.834905
745.15814,237,256.984406
600.629409,197,257.113315
737.971308,238,257.276709
976.891075,298,257.468209
1025.661029,344,258.836445
987.124663,316,259.056118
1280.543679,410,259.335288
1425.244117,500,259.664649
1016.823335,332,259.874299
817.352827,244,260.027249
853.598579,275,261.3431
650.987131,212,261.494632
901.017526,291,261.6985
903.782628,276,261.882854
937.934455,315,262.080853
882.464277,257,262.246094
642.729723,195,262.367422
1030.65233,299,262.5519
681.660636,202,263.863168
775.493972,223,264.020054
633.171826,209,264.170513
1167.292601,336,264.392789
915.453854,265,264.559845
979.0528,303,264.746333
839.345754,251,264.920996
705.405138,213,265.145579
890.351958,266,266.549181
1067.609488,321,266.80272
1483.068883,449,267.100898
887.395372,282,267.277495
872.902155,270,267.458506
1077.967555,342,267.679866
700.322543,225,267.834947
1224.926369,390,269.38229
602.482034,188,269.529133
1079.030304,353,269.77503
751.811981,283,269.961745
1140.018929,354,270.196222
750.345739,232,270.341924
776.671922,239,270.490904
1342.531355,435,271.924327
1067.906997,324,272.142373
1406.630271,500,272.460249
1001.40577,308,272.64959
1518.138681,468,272.942702
1181.20102,376,274.377865
627.803529,188,274.502071
810.696677,255,274.667968
801.339796,247,274.821234
678.995536,207,274.951273
1322.601505,413,275.203502
645.71453,199,275.330858
848.195311,261,276.648907
1581.341358,500,276.990484
1554.01775,457,277.281085
781.036474,232,277.425922
586.240193,222,277.637656
1015.410425,319,277.903341
787.311847,231,278.068013
1001.442883,298,279.449228
1054.981549,312,279.66775
1675.903716,500,279.999574
249.291688,103,280.064663
962.313732,292,280.250304
996.60016,295,280.432995
1120.362077,330,281.917518
720.755626,217,282.085032
765.511643,221,282.246248
719.472043,218,282.398399
802.165639,232,282.552637
1353.864054,415,282.826048
1242.222837,369,283.072399
500.7318,166,283.175577
1018.390472,324,284.793428
757.953147,237,284.981061
259.12286,107,285.058927
1032.746046,318,285.284936
1344.540603,427,285.570498
721.971545,217,285.713823
1054.123929,304,285.917944
990.800023,303,287.221947
618.672122,184,287.358784
755.488113,226,287.5107
1076.846079,325,287.732701
779.851725,232,287.883277
922.73651,285,288.082966
1119.780182,344,288.305451
724.400659,214,288.43699
774.897832,230,288.588402
897.568337,264,290.023528
1296.206398,405,290.309163
675.613225,225,290.457044
1112.119985,338,290.671962
887.797962,279,290.851034
844.656311,246,291.004547
752.493412,225,291.146932
879.347431,268,292.465288
1380.435139,402,292.744536
864.538635,255,292.913936
1046.133054,307,293.108752
1018.889152,309,293.312178
1011.463294,302,293.508209
994.800201,321,294.880787
575.150499,172,295.00333
778.925309,238,295.165572
1365.885204,429,295.440421
1082.335571,327,295.691151
1313.026453,408,295.964948
1024.929632,305,296.174074
690.924395,212,297.760414
1102.40348,322,298.015845
772.265949,239,298.193666
760.545361,222,298.368878
815.115941,241,298.532614
854.786651,266,298.706206
1066.807371,327,298.917548
1519.709217,500,300.534774
900.184472,275,300.738829
715.607849,220,300.918667
675.282188,202,301.082825
1356.881205,425,301.387552
771.928392,236,301.545891
801.454675,251,301.714455
1010.784952,310,303.101294
394.785748,142,303.196849
1140.448818,358,303.439902
1223.446393,408,303.724512
1018.469909,317,303.945927
814.445832,256,304.132054
737.247558,222,304.291759
1045.02799,330,305.96767
902.451941,265,306.182191
771.057462,245,306.3628
1248.185094,358,306.647997
1258.205703,416,306.937738
734.122523,212,307.07228
796.674016,258,307.239639
1536.440538,500,308.850689
1432.811367,500,309.217129
1114.887398,369,309.480553
1461.080872,452,309.808782
1276.106632,387,310.092302
848.691838,264,311.510667
820.792744,246,311.705681
1468.510406,500,312.058288
874.269015,257,312.226881
1490.334079,473,312.516837
641.501353,203,312.644401
1374.161662,500,314.271318
1456.655538,500,314.892252
1211.475513,389,315.199955
1054.28206,341,315.456699
999.605174,342,315.713703
1542.316431,500,317.559919
766.357465,231,317.810335
1617.26541,500,318.188402
779.962574,224,318.348059
1610.232848,500,318.796957
1152.179156,342,320.202413
1315.091544,412,320.588118
1123.403973,347,320.84082
1068.854328,333,321.34912
1168.659663,362,321.691702
1379.59362,420,322.046304
696.347907,222,323.416507
1585.70308,500,323.761267
800.030474,246,323.918033
1017.576499,316,324.12074
1346.378343,413,324.539901
747.091151,261,324.737337
1066.384963,344,327.696196
573.801854,215,328.047739
1061.977367,326,328.321949
923.324018,291,328.570113
629.061441,231,328.758628
1648.696328,497,329.106969
1321.643682,409,330.723962
949.529667,290,330.948884
1001.185628,314,331.16684
1282.508093,408,331.606298
713.90368,215,331.784068
856.19408,265,331.994202
1534.636628,484,332.38363
1584.939094,483,334.687349
1087.175772,320,334.972435
1482.222036,469,335.291909
1376.428868,452,335.650445
1379.514307,399,337.363673
816.545325,238,337.603793
1043.916755,318,337.883118
680.04876,206,338.080742
449.187401,151,338.198376
1048.714173,310,338.435366
815.073343,248,338.753278
734.116448,231,338.931436
738.448472,231,339.210362
1089.239129,352,341.380703
1047.192995,320,341.793467
1477.114824,500,342.190359
929.837923,296,342.424061
1337.998941,500,342.777763
952.458541,310,344.25111
1546.953993,500,344.619984
673.074876,209,344.760096
1447.863759,500,345.116049
1245.687206,390,345.397603
1094.206825,330,346.925283
824.31651,250,347.137143
736.999122,226,347.49092
928.106653,283,347.767734
1467.445798,500,348.159661
1221.86744,388,348.411114
1544.953845,500,350.122416
746.324435,222,350.291274
877.03477,251,350.523964
869.206845,254,350.716725
907.649859,256,350.912555
1208.23995,353,351.144967
943.453965,266,351.331228
863.746191,247,351.511707
1102.357782,342,353.027671
798.550882,256,353.211353
721.376336,219,353.357364
1441.207249,466,353.6842
828.064687,241,353.849029
1224.189506,399,354.153565
685.468759,210,355.571418
1486.222458,500,356.002044
1430.404108,500,356.425658
1492.188088,500,356.784743
1558.88284,481,357.132563
993.606202,298,359.5543
572.329842,171,359.672023
1472.664994,500,360.029763
563.56207,175,360.150869
811.896598,250,360.332907
791.605563,243,360.495179
751.551932,229,360.639008
697.48885,212,360.779984
745.933181,232,820.275574
859.745658,263,826.341216
716.974401,223,828.484364
758.336488,235,830.788138
779.237241,241,832.942225
832.792097,255,835.278502
846.963063,259,837.542283
757.912834,235,839.62712
824.314922,253,842.122276
756.25843,235,844.126048
806.319651,248,846.446978
758.413658,235,848.585434
1011.884666,301,851.193885
797.006995,246,853.44735
869.695027,265,855.856072
857.665657,262,858.185245
905.225583,275,860.706748
780.806845,241,862.887943
870.249891,266,865.29417
753.746521,234,867.436993
852.140488,261,868.383253
772.387053,239,869.604491
827.186533,254,870.342361
887.92311,271,871.241301
783.770999,242,872.488251
793.730956,245,873.113269
749.94269,233,873.9157
805.318334,248,874.62195
760.658549,236,875.453003
819.423574,252,876.240165
730.176846,228,876.84369
779.694775,241,877.582327
866.307926,264,878.453524
849.903575,260,879.276033
1041.170838,311,880.271676
746.66093,232,880.963149
848.366457,260,881.788396
1049.013286,314,882.809479
869.975344,266,883.733053
734.252597,229,884.361824
734.390589,229,885.174103
1017.695152,302,886.099916
781.220805,242,886.905606
713.569857,223,887.640992
892.362242,271,888.500742
813.547303,250,889.187757
774.692254,240,889.978798
801.38224,247,890.739386
806.709309,248,891.672324
770.448804,239,892.420788
838.744464,257,893.184527
791.090156,244,893.911512
818.906456,252,894.749919
839.029056,257,895.592901
761.474848,236,896.369702
819.174625,252,897.024862
1017.005081,303,897.951954
868.415529,265,898.713378
746.28384,232,899.502415
772.795741,239,900.212539
815.224264,251,900.945381
862.67366,264,901.773679
916.46557,277,902.841499
866.045661,264,903.887238
772.405297,239,904.580468
820.735244,252,905.273278
742.000584,231,905.975477
749.440024,233,906.62433
718.497679,224,907.381236
824.615054,253,908.177228
750.120302,233,908.83405
776.622728,240,909.679673
866.323336,264,910.633015
713.821834,223,911.354489
756.575837,235,912.232062
766.104742,237,912.974629
729.55798,227,913.719347
769.129023,238,914.395911
767.979181,238,915.175437
807.273656,248,915.966778
721.570471,225,916.605552
831.759574,255,917.491376
761.975109,236,918.221625
870.079793,266,919.049846
796.558542,246,919.831986
882.252501,269,920.601949
911.166248,277,921.425644
730.769509,228,922.145339
843.193404,258,922.898398
745.573295,232,923.73171
851.055404,261,924.538714
807.998487,249,925.243603
724.999124,226,925.909709
801.358783,247,926.731697
776.32569,240,927.436841
849.899246,260,928.266997
816.539251,251,929.051137
753.537864,234,930.121865
901.367527,274,931.0269
791.474832,244,931.981253
