#{"t_start": 1737054057.2743857, "env_id": "CustomHopper-target-v0"}
r,l,t
13.587855,15,391.845388
7.782675,15,391.866527
4.162066,25,391.912566
9.66467,11,391.948802
10.876113,13,391.988583
6.879026,12,392.019687
11.171635,18,392.06941
25.077014,22,392.109409
5.597882,18,392.129121
11.225633,23,392.150361
13.13131,18,392.169659
8.691637,11,392.182038
7.946259,11,392.195658
7.96179,14,392.207641
12.389417,18,392.222842
4.826205,7,392.229476
30.1002,24,392.251174
14.579343,15,392.269756
9.306131,18,392.297288
15.464583,17,392.315593
13.597542,19,392.341894
16.923167,17,392.361249
23.623293,28,392.391501
23.21915,24,392.416304
5.74942,19,392.437757
41.416665,37,392.482217
63.513917,47,392.524954
16.71511,22,392.545875
12.370516,21,392.561918
20.466717,18,392.578264
25.54282,23,392.599733
14.556823,15,392.619739
18.174757,17,392.635555
28.461528,26,392.661713
16.772515,17,392.67687
8.96403,10,392.684482
10.57788,12,392.692422
13.903624,16,392.703927
12.626986,15,392.714883
16.879729,27,392.733402
7.435073,10,392.741045
46.735668,47,392.770537
37.599607,40,392.799497
27.083395,22,392.814417
7.51802,9,392.825557
14.720604,15,392.841514
13.90565,17,392.855807
6.999045,17,392.869633
62.856786,56,392.90775
10.15567,12,392.917213
10.420939,12,392.931408
17.637094,18,392.942786
11.364589,16,392.953505
12.827334,14,392.963271
8.006593,10,392.969647
10.741401,14,392.978743
6.39645,8,392.984504
19.132816,19,393.001219
7.945389,9,393.007577
34.254794,27,393.02667
14.260452,14,393.035787
7.800295,9,393.041958
11.503186,13,393.050476
38.49176,27,393.069629
11.820409,16,393.080755
9.692216,13,393.088663
19.832588,19,393.10188
11.034622,20,393.121142
15.475796,17,393.136118
13.837891,27,393.167708
69.131453,46,393.203626
21.743767,26,393.220575
13.132602,20,393.234256
6.507999,9,393.24004
10.487305,12,393.249941
44.172892,43,393.288408
9.461947,23,393.305957
14.65189,16,393.316969
8.294726,11,393.324323
9.825464,19,393.342796
6.564484,19,393.357327
11.68394,19,393.370885
4.336934,8,393.376322
9.594656,15,393.38732
7.620335,9,393.394073
9.340231,28,393.415996
10.288697,16,393.425825
6.024584,11,393.434541
17.948128,23,393.449587
15.441403,15,393.458614
123.07393,80,393.511925
5.680253,8,393.51758
11.535672,13,393.528351
9.471488,12,393.536033
9.479317,12,393.546915
118.050329,72,393.597795
11.315304,19,393.612922
44.829602,27,393.635093
8.286413,26,393.652372
8.059241,13,393.660716
26.698448,32,393.687046
6.525936,12,393.695262
8.210741,12,393.703426
48.109403,45,395.057993
15.346181,19,395.073789
17.748273,16,395.091625
172.359378,126,395.20172
67.642114,40,395.238117
15.452362,15,395.249731
40.017224,35,395.273464
18.326494,17,395.285693
59.705757,36,395.309719
70.771219,44,395.337564
13.012703,17,395.348537
22.760912,22,395.364536
7.582813,11,395.373059
26.214632,23,395.39152
74.635219,44,395.421151
41.310335,48,395.453225
16.253366,19,395.471931
165.637322,85,395.531827
12.40368,17,395.543374
5.16835,9,395.551682
37.266142,38,395.57655
122.420733,65,395.631449
99.594305,60,395.673742
38.655729,40,395.704311
13.12665,13,395.716422
23.806718,20,395.729844
33.851302,28,395.748741
22.018003,24,395.766647
6.600986,9,395.772234
6.722923,10,395.779677
8.70347,17,395.790015
15.17158,18,395.802037
27.484339,44,395.833063
22.701662,21,395.847242
7.964722,11,395.854281
13.458003,15,395.864108
42.750396,50,395.89802
15.644844,17,395.909503
34.798881,45,395.937025
44.037934,43,395.968654
27.493002,28,395.9859
16.144714,22,396.002915
10.352139,14,396.012395
7.153516,9,396.018433
14.863137,15,396.029642
12.443359,18,396.042085
10.500241,17,396.052555
8.187214,10,396.059566
11.257535,26,396.076515
206.123888,127,396.167653
31.565075,33,396.193715
12.920111,18,396.206777
13.298789,22,396.22843
11.483751,17,396.240584
7.521115,11,396.249589
20.570834,23,396.266691
19.282427,21,396.284272
76.955161,47,396.316374
207.553455,128,396.415991
43.401673,61,396.466269
8.835004,10,396.474346
65.329593,47,396.508695
5.60662,25,396.529353
19.603619,18,396.543057
23.579773,27,397.903473
91.528804,61,397.949319
173.075327,91,398.015678
25.941064,35,398.057745
134.579795,97,398.160021
90.461332,48,398.193338
8.360219,12,398.200224
111.781878,112,398.277453
174.201127,123,398.362192
18.886916,30,398.383377
10.112317,11,398.391042
68.540995,42,398.427548
93.455818,53,398.464715
26.330152,25,398.486794
9.415506,13,398.495086
18.842754,19,398.509749
252.417321,158,398.639895
19.406028,21,398.656173
78.303798,52,398.696344
27.099893,25,398.713665
129.606842,70,398.770973
108.795324,74,398.826562
16.606335,15,398.837898
51.857346,41,398.876257
24.062329,24,398.894206
124.983757,64,398.942203
80.127961,56,398.982697
31.178776,37,399.010988
178.642919,104,399.089431
18.650611,28,399.10996
10.728663,13,399.119877
12.925081,14,399.131911
17.750062,19,399.158186
6.912417,9,399.166866
31.312889,26,399.186117
87.635835,60,399.231981
56.526951,34,399.256638
116.612868,64,399.307592
67.828544,42,399.339905
8.002451,10,399.350349
100.982252,62,399.411668
44.001346,35,399.439754
18.232647,18,399.455775
82.518254,49,399.503936
76.853378,44,400.76092
35.517383,30,400.781293
114.970979,63,400.826846
175.647206,122,400.92117
14.98485,17,400.936278
52.685639,31,400.95965
20.19964,26,400.980659
101.305999,64,401.027794
82.702456,47,401.06067
92.36895,57,401.10056
90.196216,57,401.141013
139.489324,87,401.195071
73.290049,43,401.227732
51.007438,30,401.247274
196.787205,109,401.335536
128.081705,67,401.393089
120.693382,92,401.485811
76.469955,43,401.519884
253.495894,130,401.63753
83.219819,46,401.677942
159.704797,81,401.745347
92.315146,59,401.792082
129.442312,70,401.844079
16.289127,15,401.857699
65.967355,41,401.892906
154.088462,88,401.962355
105.048949,56,402.010501
25.84912,28,402.036954
155.290041,93,402.114192
17.571348,19,402.129209
11.389603,18,402.141091
177.876548,94,402.222874
16.207711,19,402.238939
9.992134,12,402.249701
87.984424,49,402.291922
125.743436,87,402.35781
98.3718,54,403.675027
140.850124,81,403.736057
99.016515,66,403.7882
30.275461,44,403.823602
100.579092,59,403.876592
144.521194,76,403.936528
126.34245,78,403.9941
19.801337,20,404.010989
120.278027,95,404.082662
22.090766,20,404.096767
100.222479,58,404.134066
99.854049,57,404.176365
66.665037,42,404.215477
72.766484,44,404.249044
99.177228,123,404.339082
63.335992,42,404.366685
212.339071,113,404.456177
88.537477,56,404.505537
9.247065,33,404.530739
140.097382,103,404.634243
51.926429,39,404.675531
106.627189,66,404.737783
179.708847,88,404.821131
188.37758,89,404.886737
53.719901,33,404.91164
107.821517,60,404.959484
13.032543,16,404.96997
159.445005,89,405.039523
76.433113,55,405.083373
126.20649,67,405.141233
56.270838,37,405.168636
214.229383,108,405.244643
59.598522,37,405.269964
20.998206,29,405.288484
18.411373,32,406.645845
184.105801,102,406.710833
156.349591,78,406.771116
89.967839,52,406.808582
125.355939,67,406.855209
132.394844,70,406.901956
194.448016,115,406.978575
93.032434,54,407.014242
91.418132,54,407.054544
106.096502,58,407.096125
84.744318,51,407.130999
165.440039,89,407.19193
105.214669,60,407.234071
74.631688,47,407.270072
64.860195,40,407.299951
174.366772,95,407.369298
33.792511,29,407.390255
302.831473,152,407.495042
94.388927,54,407.533542
182.653676,108,407.622986
89.492509,55,407.665045
167.242721,82,407.72359
125.157936,69,407.772372
215.672967,114,407.87987
17.52538,16,407.896074
67.506487,42,407.934983
52.899291,33,407.96465
48.035569,33,407.99181
173.879567,90,408.064151
55.292796,34,408.096001
129.84104,70,408.156441
135.488918,70,409.409598
164.41749,90,409.472666
160.4633,85,409.534652
156.796007,87,409.61455
55.740548,35,409.654747
116.566152,66,409.71799
117.718511,69,409.768049
59.29923,37,409.796998
57.124776,35,409.825535
170.456877,84,409.88542
40.071031,34,409.9153
75.893032,45,409.949862
68.773681,42,409.988114
112.45337,60,410.030728
239.624525,127,410.123717
124.777766,67,410.18082
182.929978,112,410.260379
85.017411,51,410.296854
253.575023,124,410.384516
224.588753,106,410.459915
174.730913,95,410.527786
164.952665,94,410.59222
259.725295,131,410.682849
110.909687,61,410.730022
209.466091,98,410.814913
73.211437,44,410.847582
64.164358,40,410.88624
126.438679,73,410.941999
192.020192,96,412.257283
219.796116,102,412.323546
173.325333,87,412.384081
224.875336,106,412.453422
228.232275,126,412.536876
205.647338,95,412.608507
229.469416,106,412.683237
207.95491,106,412.756989
175.958109,88,412.835133
233.176749,111,412.932796
158.081304,85,413.031133
232.913931,110,413.14213
65.228957,38,413.201771
236.124566,116,413.321285
189.241449,107,413.405143
143.190272,84,413.469631
263.114813,129,413.569814
197.726508,109,413.67611
181.723026,92,413.763976
115.707104,71,413.847595
116.722642,80,413.923595
228.820064,102,415.330945
173.748599,83,415.409806
221.196168,112,415.506745
128.452889,67,415.568675
199.383527,90,415.656178
180.630487,83,415.71897
195.295957,96,415.79957
209.291889,105,415.897578
80.241507,47,415.933398
239.570568,123,416.021085
122.117752,67,416.067203
48.751604,30,416.088274
199.168392,99,416.153941
202.22634,95,416.218629
81.324076,49,416.249448
251.432787,118,416.329121
116.886598,67,416.372699
116.606896,66,416.420478
223.975831,120,416.508553
223.844954,118,416.617017
102.546241,60,416.669712
199.651638,96,416.744495
138.863085,71,416.805814
69.174824,41,416.845544
268.921263,113,419.027059
201.27066,99,419.117337
232.407953,115,419.218966
130.250831,72,419.293472
200.777236,97,419.385748
245.640517,118,419.492468
108.740816,59,419.545317
228.252163,113,419.647859
203.22048,87,419.716771
59.55162,35,419.752164
242.06381,108,419.857234
227.604981,110,419.944432
77.586023,44,419.979458
253.481887,111,420.067448
237.13017,110,420.141393
196.914501,91,420.202443
232.553556,106,420.271615
237.430836,111,420.346269
253.183273,118,420.435287
224.712768,113,420.5287
234.411242,105,420.616033
220.127681,102,422.55876
266.39445,134,422.677515
199.717792,93,422.751438
253.55615,122,422.854272
207.31318,97,422.951126
235.608556,112,423.136873
231.850258,109,423.226253
170.976349,85,423.297858
259.902256,113,423.39227
212.262482,103,423.469722
76.638385,45,423.501852
64.539476,64,423.54816
133.407345,74,423.604404
75.853493,45,423.636628
239.212306,128,423.728209
254.84036,132,423.822207
245.213765,112,423.903441
253.157915,114,423.980506
253.477135,118,424.068833
236.970827,101,424.151015
269.227978,136,425.493642
292.441129,130,425.594972
273.926441,121,425.686427
150.306845,79,425.747368
276.61849,118,425.835605
231.73311,119,425.921159
306.816633,139,426.021969
289.885787,153,426.137477
248.639679,118,426.219417
101.561495,62,426.273022
261.111745,119,426.367126
193.651627,105,426.441045
288.618706,127,426.620637
220.384351,115,426.703608
181.437762,87,426.768934
275.659659,130,426.868752
180.916918,93,426.933514
237.788321,111,427.010752
276.511457,125,428.297762
282.862581,131,428.408915
218.156221,104,428.488829
238.281925,112,428.57498
242.824914,109,428.656595
238.415529,113,428.735277
307.131847,135,428.826976
283.286461,121,428.908982
52.732511,31,428.929222
299.638496,139,429.022752
109.778128,60,429.068334
258.320925,129,429.163747
301.695489,133,429.251652
151.962674,86,429.315799
101.26651,58,429.403704
275.233129,121,429.500873
294.334807,143,429.607139
318.631333,141,429.710425
248.939677,112,429.792502
282.558377,124,431.204459
229.004233,103,431.28444
337.142146,139,431.392506
278.325015,125,431.485854
318.363631,125,431.57569
311.091316,142,431.684262
200.614109,104,431.756491
152.987014,78,431.808536
247.247851,123,431.900369
251.02897,125,431.988052
287.513723,124,432.077759
184.959587,100,432.151283
311.405122,129,432.241979
313.180863,144,432.337752
210.45588,99,432.409409
293.065185,128,432.501284
318.962421,138,432.596021
317.534561,148,433.865238
331.926459,143,433.977366
268.358352,120,434.064081
282.95891,118,434.15166
155.30153,88,434.217898
339.835154,165,434.338818
308.206327,130,434.42715
319.85104,148,434.539114
262.187932,119,434.622447
293.91602,138,434.715123
341.353596,146,434.823478
278.380001,119,434.905961
333.898716,153,435.028548
292.345556,123,435.128619
293.549874,135,435.23417
285.851868,125,436.69461
297.146707,132,436.795119
335.05302,136,436.906442
200.227865,108,436.987448
283.87502,120,437.074948
301.940227,120,437.160616
308.852418,131,437.251972
288.529096,140,437.35142
325.738628,137,437.442412
369.600461,158,437.556178
328.310861,140,437.65653
315.614789,131,437.747678
282.696313,121,437.831152
336.964326,156,437.945399
323.772917,137,438.041702
335.223139,156,439.277382
302.03478,128,439.444362
301.452056,121,439.589381
303.059925,135,439.697754
342.329846,146,439.809245
330.226042,144,439.912242
321.754922,139,440.01868
321.566655,129,440.118214
300.011633,132,440.21247
129.532274,66,440.268018
274.881744,122,440.371808
318.367188,133,440.495824
321.811237,139,440.630911
296.999038,129,440.736654
312.825318,144,440.839174
330.199303,146,440.942097
343.584864,142,442.247871
319.226658,135,442.349863
309.619108,134,442.444118
339.003072,152,442.553878
320.27115,138,442.665632
310.16041,141,442.895627
324.406119,142,443.088847
318.175046,140,443.224269
325.844854,138,443.356268
332.290406,145,443.475258
298.674615,131,443.587778
299.068099,122,443.682381
352.833467,149,443.824192
334.649558,139,443.934757
319.933665,136,444.033358
337.416694,140,445.586302
64.731176,39,445.619588
302.400155,134,445.759863
290.349238,135,445.971645
326.726417,138,446.115459
312.768085,140,446.228688
288.16739,129,446.333966
341.158805,140,446.436384
331.248616,137,446.541572
324.808232,141,446.643728
309.015429,129,446.730807
271.471366,122,446.81571
305.435352,133,446.908856
350.394963,147,447.00615
299.441378,130,447.100217
308.360158,138,447.199534
320.4139,135,448.605993
348.903931,148,448.729631
312.990864,130,448.826846
357.646112,155,448.949497
340.076856,148,449.066152
131.456898,73,449.120244
319.25623,129,449.222283
339.982476,146,449.321309
297.112041,130,449.412533
311.865976,134,449.51097
323.825257,141,449.61105
288.17301,122,449.70011
322.383924,137,449.79739
347.905452,143,449.89478
329.934282,137,449.989433
350.046536,147,451.355305
349.735339,145,451.470803
330.591042,141,451.580904
346.159881,137,451.687449
289.118993,128,451.782599
335.857034,146,451.889091
332.887474,137,451.987349
327.304716,142,452.08689
364.719486,151,452.190673
318.502634,140,452.28776
324.101217,147,452.387446
311.40722,127,452.470594
345.519841,143,452.563359
334.218413,141,452.660042
325.985172,144,452.806641
218.804359,102,454.203732
269.582915,120,454.301376
310.169583,134,454.403911
333.7833,142,454.505167
312.772324,135,454.60115
360.730667,147,454.704639
291.329934,130,454.79363
298.647735,137,454.882631
357.230586,152,454.983701
302.544957,133,455.08133
320.801474,132,455.171684
298.619861,125,455.268496
346.447857,159,455.385419
293.32999,134,455.475935
348.002178,140,455.587003
302.093536,136,456.897051
345.442389,148,457.007232
321.860977,138,457.109911
341.949894,150,457.230402
350.815155,155,457.345732
322.272481,142,457.448049
318.889271,137,457.545836
204.635864,111,457.623217
341.1689,158,457.741693
333.652492,132,457.8369
339.755939,152,457.941392
323.555702,135,458.035781
312.329,132,458.129362
359.071587,150,458.246638
323.158038,134,459.731073
342.411142,140,459.87261
297.890752,134,459.978704
325.141294,146,460.101239
380.076895,164,460.227709
177.382336,97,460.314031
335.474994,141,460.429631
346.358118,145,460.539534
150.65963,76,460.599259
353.211315,147,460.715633
327.589965,139,460.818617
371.433293,158,460.93837
336.139701,147,461.045154
202.034682,101,461.139023
294.733768,130,461.241353
297.845306,139,461.342635
371.414311,162,462.926627
368.539018,153,463.050935
310.705525,132,463.148461
359.078854,143,463.252459
293.35139,126,463.354686
292.134829,129,463.447728
322.791983,140,463.555313
307.679173,134,463.649684
355.997468,143,463.753151
294.064926,131,463.848134
365.53447,159,463.962826
373.886555,158,464.07679
329.062824,139,464.170647
311.083177,126,464.257589
322.242829,134,465.787429
162.036738,82,465.859139
352.695964,153,466.004173
352.542466,151,466.132559
325.983111,144,466.263236
367.1886,166,466.3886
358.983417,155,466.512283
324.331162,142,466.617392
322.241657,131,466.720078
325.775131,147,466.825286
376.348794,165,466.944914
347.908737,149,467.045458
321.761073,139,467.141974
313.789919,135,467.239042
288.098772,138,468.648093
354.320487,148,468.773325
331.901474,143,468.897666
321.084248,136,469.008158
316.212588,144,469.120401
341.353907,144,469.224067
174.938062,91,469.2929
314.366127,138,469.407691
346.714386,150,469.5108
336.944462,140,469.614321
383.363802,157,469.836562
318.43048,134,469.947654
330.128302,137,470.046157
333.11072,135,470.143825
333.656059,138,470.241536
351.498173,149,471.85276
345.4519,142,471.970538
364.48077,149,472.100389
387.361065,144,472.207496
313.428413,137,472.309313
335.787329,146,472.417195
339.41786,150,472.533214
390.223611,157,472.657331
334.464133,135,472.756765
349.837974,154,472.867962
490.603902,178,473.013112
377.78188,144,473.123652
345.902862,151,473.236568
330.456047,140,473.33749
374.660836,169,474.717283
354.795339,151,474.834747
275.493414,129,474.926338
463.966262,166,475.051458
434.661821,168,475.192744
473.080583,180,475.342194
321.248277,135,475.447553
257.931468,117,475.546731
350.248072,143,475.69088
165.424053,82,475.76526
388.43618,147,475.884626
370.730878,158,476.0139
371.329041,153,476.128696
493.956612,178,476.255549
387.399544,152,478.076845
330.070888,159,478.260173
502.534485,174,478.45777
284.538331,127,478.568257
389.124356,163,478.713919
368.340503,159,478.842229
331.451609,144,478.960055
326.298782,141,479.069676
379.092512,161,479.19395
467.614723,179,479.322417
381.065192,158,479.492528
317.818991,148,479.616131
350.394809,156,479.883659
361.98467,153,483.05329
458.230735,170,484.011
351.663362,154,484.73723
546.107849,196,485.208635
384.642243,155,485.435662
321.621003,145,485.589041
349.590621,147,485.729311
318.994091,131,485.862081
326.493032,141,485.97974
323.409487,139,486.097617
310.679311,137,486.198972
330.513361,144,486.304748
471.109036,178,486.440045
311.523384,139,486.559601
630.260566,235,493.95686
334.989568,150,494.238582
620.348746,239,494.562832
403.579435,154,494.78675
393.843681,169,494.989451
388.439251,166,495.147774
576.987016,214,495.432423
501.291312,207,495.661971
494.393921,181,495.901816
494.712234,208,496.241486
326.629523,139,500.468509
616.961077,207,500.639171
596.819105,207,500.805979
337.682209,132,500.912537
597.247845,213,501.067498
557.056855,191,501.209679
465.200597,177,501.34702
394.223634,151,501.473867
400.602626,159,501.599496
522.394864,180,501.766171
553.444307,199,501.948101
360.834029,145,502.064961
390.537612,156,503.804203
530.629174,198,503.992388
471.903077,170,504.143165
374.947465,150,504.260145
359.988955,156,504.384868
804.586817,284,504.608944
465.460884,172,504.716634
419.775086,169,504.822
795.204923,266,504.997111
175.357619,95,505.056592
513.441152,191,505.193053
560.343932,204,506.77533
549.272167,202,506.934928
291.669082,120,507.016285
300.61735,132,507.113787
280.392479,123,507.196615
565.643268,203,507.348121
394.014896,149,507.460164
618.822244,200,507.60096
436.471316,149,507.701271
434.051299,165,507.811875
599.092852,208,507.954132
608.238602,212,508.148766
635.948098,224,510.294265
409.854169,159,510.430733
400.866642,167,510.594895
610.891203,201,510.83349
687.05336,224,511.047148
301.821645,121,511.15918
504.366589,197,511.325251
397.992155,141,511.426225
583.914177,187,511.597028
686.826482,220,511.830376
303.398752,121,511.92159
670.625227,227,513.174223
605.030465,212,513.323633
627.57252,211,513.465899
348.097294,140,513.556564
606.349406,211,513.695382
384.56805,157,513.79996
382.260992,152,513.899808
820.070677,276,514.080801
1052.449789,352,514.326484
420.742935,166,514.449961
441.375525,188,516.114971
661.835333,212,516.285703
609.083768,192,516.48714
712.985603,256,516.86739
238.637103,118,516.954466
636.113905,209,517.09996
495.119003,194,517.24634
901.429867,274,517.449806
988.494274,358,517.697953
1243.012151,389,519.299905
773.445335,275,519.559057
390.493116,151,519.683692
635.295932,213,519.843909
369.294912,161,519.954519
789.73855,279,520.174783
629.560643,222,520.322994
475.24216,185,520.446142
339.056729,142,520.542418
1045.247992,365,522.196902
1344.748897,500,522.543833
1164.237031,465,522.859964
384.798706,135,522.943866
400.77946,160,523.05359
1132.046285,393,523.327192
659.362623,254,525.063396
620.644968,224,525.263793
798.625415,258,525.470841
811.718107,276,525.685328
640.811577,217,525.852776
640.640489,201,526.006518
695.466005,243,526.187995
930.604342,291,526.38576
831.05111,281,526.582257
685.482462,262,528.27391
507.246384,186,528.467943
639.581563,201,528.662154
490.216811,164,528.778869
501.73603,195,528.932367
303.743505,159,529.051477
1087.702602,346,529.303148
443.084456,172,529.417387
1156.28789,500,530.992338
453.142587,150,531.128594
619.235096,212,531.337905
595.394781,202,531.519433
1168.969551,500,531.894998
704.781379,251,532.068938
1124.38031,383,532.335101
481.402002,164,532.455761
593.869763,224,533.935664
1215.056734,500,534.354995
884.513627,310,534.563301
176.484376,98,534.629621
433.53105,170,534.747176
322.739686,142,534.844748
358.784875,145,534.950055
436.495094,173,535.073801
1006.285826,331,535.313668
1214.9093,443,537.424415
432.905747,145,537.6208
681.814127,221,537.789232
390.084706,138,537.976005
558.048047,200,538.166644
467.049529,175,538.303845
644.848611,223,538.546965
850.075814,273,538.914141
647.96586,209,539.401785
569.378556,185,542.126113
436.498145,164,542.268234
620.135746,206,542.441241
675.047978,211,542.595734
541.37191,205,542.751854
656.363635,210,542.89587
872.596744,276,543.108809
1130.811374,366,543.510082
643.224397,199,543.687642
879.861663,279,545.514102
547.385965,190,545.648122
106.246572,66,545.702033
539.642405,188,545.915013
720.902655,226,546.085498
818.47677,242,546.280941
869.28812,298,546.502211
420.810216,158,546.603582
388.622569,137,546.692476
1164.015844,490,549.179286
225.77752,114,549.277214
1079.012427,366,549.580202
310.275489,134,549.668208
218.086291,90,549.727508
586.086498,187,549.851771
338.463018,142,549.948424
828.546749,251,550.114918
193.707862,96,550.18944
840.735415,273,550.365245
663.251268,225,550.518333
399.288363,153,552.54204
706.22042,244,552.788539
470.639284,181,552.932657
719.268656,230,553.118466
635.680448,208,553.273587
585.25355,232,553.54542
615.275742,195,553.746033
800.039493,272,554.156276
638.851808,206,554.634166
674.482751,200,558.743628
760.142649,237,559.197968
614.290804,232,559.488066
468.23965,176,559.83237
397.747857,162,560.279625
395.817643,159,560.494483
861.145734,320,560.984232
1269.330443,500,561.6185
490.745172,188,561.816848
912.178364,324,564.383539
749.494112,251,564.697942
671.340713,258,565.069702
750.205067,284,565.427336
1281.129066,500,565.877408
559.602428,189,566.023358
551.43368,204,566.177331
968.642838,381,568.038528
511.330636,178,568.193366
792.84191,238,568.378868
691.756406,235,568.618841
452.497303,170,568.764117
975.112679,313,569.055319
680.290987,227,569.285366
677.252152,217,569.4936
1356.801219,454,572.102611
1055.906211,345,572.40311
609.911837,204,572.570446
630.663192,214,572.73521
897.759129,309,572.977243
1198.646565,500,573.444769
722.98011,271,575.617468
826.781493,282,575.896476
1091.452047,358,576.194569
379.416728,150,576.305746
595.112382,218,576.455959
794.653292,278,576.639122
596.457728,232,576.792688
1102.451192,420,577.070649
797.765822,271,578.495054
628.243051,204,578.635874
408.820887,155,578.737777
621.321403,200,578.872033
642.758084,189,578.993606
411.086501,149,579.091896
383.763428,138,579.181787
162.897729,80,579.254379
783.631032,244,579.433893
812.372325,244,579.605036
411.28513,145,579.729517
734.649329,214,581.434088
773.461629,256,581.700089
274.773933,124,581.816501
529.469491,167,581.935692
207.408283,101,582.004567
592.188047,182,582.126608
789.402577,246,582.285773
858.240953,247,582.450406
409.519725,139,582.552509
661.369126,205,582.695181
528.719313,180,582.816311
495.940367,186,584.372454
744.904924,231,584.580554
820.147099,253,584.79551
755.942816,252,584.962531
974.124756,345,585.199682
699.572076,246,585.364726
845.787259,266,585.547858
455.816709,166,585.660586
775.000609,219,587.188903
694.743026,225,587.388677
550.804408,198,587.571712
534.287637,192,587.746953
594.12594,194,587.912962
446.836548,158,588.071613
150.81395,81,588.163018
147.794392,79,588.253222
831.366487,283,588.521994
1072.309992,335,588.804764
798.63909,259,590.968396
648.068139,192,591.165038
748.341009,237,591.433042
288.274375,120,591.551312
432.765618,152,591.717303
1209.565416,500,592.361919
628.853582,200,592.54443
376.374447,149,592.681742
468.673628,152,592.821974
567.124388,169,592.962268
1070.831813,390,594.59942
1579.529115,500,594.947027
579.108702,198,595.095399
818.525987,270,595.288119
811.650299,260,595.477808
508.917202,198,595.615176
401.642842,151,595.762916
408.918348,172,596.031041
680.765554,227,598.040855
1154.835726,500,598.464058
681.312438,240,598.619134
665.358465,233,598.770762
728.554922,234,598.963005
675.815971,232,599.175553
976.24456,325,599.391815
544.510295,199,601.288414
515.833623,175,601.480591
590.331806,172,601.637071
608.803826,190,601.795631
682.395236,202,601.970742
661.932943,199,602.162414
1085.948071,331,602.432236
610.647111,176,602.633344
418.20119,155,603.065146
698.098139,235,603.362914
858.399283,298,605.203879
651.563445,221,605.484796
485.100038,176,605.910478
308.663393,135,606.054149
424.879909,169,606.252637
233.261429,100,606.376214
1132.962602,354,606.64088
705.798861,264,606.925499
666.438823,233,607.153864
584.686129,197,607.358387
385.290071,139,610.096499
941.900771,335,610.434854
901.650585,306,610.687193
906.040186,295,610.938484
378.870748,131,611.039712
754.441448,239,611.252361
647.159551,202,611.42906
1436.597313,500,613.373018
399.4885,136,613.588129
441.345968,150,613.763074
596.642817,193,613.951583
477.559977,185,614.098728
795.937423,264,614.369001
563.424121,220,614.571127
611.439059,208,614.755202
664.884205,196,614.915564
674.078844,198,615.146252
372.275493,145,615.255668
581.090147,201,617.368597
708.537765,251,617.577391
886.131922,264,617.77408
689.966244,217,617.932828
644.298787,210,618.082708
735.421698,235,618.244429
671.668796,200,618.380789
657.550065,235,618.54914
549.371123,203,618.69704
433.972997,173,620.310099
593.102513,210,620.522812
991.082282,338,621.017229
586.263652,187,621.173262
376.73869,148,621.28131
1402.401908,500,621.70289
383.169095,129,621.82549
417.46303,142,621.953274
667.49604,223,622.143479
705.999194,222,623.801104
716.533802,218,623.963917
621.601681,178,624.096124
121.475869,65,624.1423
681.478169,222,624.333754
652.995277,218,624.506152
651.40001,206,624.648743
573.965988,206,624.793783
196.266525,88,624.883852
608.751664,191,625.048779
739.528141,244,625.258416
389.34682,132,626.849049
574.427627,226,627.016341
565.526034,182,627.128385
790.516126,250,627.310151
729.027259,226,627.469748
721.957292,206,627.61846
725.731639,236,627.793447
364.446946,133,627.895013
738.774219,225,628.067513
603.599351,193,628.21427
560.194929,186,629.76877
730.644559,234,630.031775
636.488281,198,630.195194
707.288804,218,630.364672
1252.635949,410,630.65448
857.385018,258,630.854181
1114.997134,349,631.124575
479.801602,169,631.253865
690.407081,215,632.753914
396.842549,154,632.912526
1334.69863,500,633.506453
932.084912,326,633.82162
771.562195,238,634.012557
735.953107,228,634.195238
871.90027,275,634.410421
882.224751,264,634.626227
620.947948,194,636.111552
805.164751,254,636.311856
1400.343253,500,636.678861
951.15255,290,636.88386
416.291988,168,637.008072
740.316374,246,637.184181
737.177403,216,637.340625
636.641451,209,638.701263
624.656621,195,638.862603
1086.288779,332,639.11695
590.791811,222,639.299939
907.224408,260,639.496346
860.52608,286,639.785053
755.779325,225,639.960793
861.09407,258,640.147024
631.513299,224,640.299349
865.983049,266,641.852717
613.333461,210,642.01248
643.185151,192,642.152676
434.789696,146,642.246845
795.692882,240,642.401798
681.322669,197,642.522994
637.170756,202,642.65112
793.094445,244,642.801764
569.660269,171,642.905077
896.739831,273,644.330187
1001.340088,322,644.572337
650.59081,193,644.698738
654.873723,208,644.834124
834.93838,251,644.988884
826.68559,309,645.206906
423.489504,152,645.323804
1288.540894,413,645.645217
789.127574,244,647.068453
362.185426,136,647.181639
385.267812,134,647.278062
708.081448,224,647.428124
533.352496,178,647.555317
794.396016,248,647.71805
513.597633,168,647.820913
1051.615611,324,648.022924
395.009768,137,648.108397
683.459077,212,648.26371
825.111923,254,649.705175
602.773051,194,649.854569
604.109981,195,649.992285
623.120719,206,650.13116
544.661039,173,650.241196
379.370189,137,650.330433
644.660331,200,650.453594
849.916976,253,650.612936
678.687817,218,650.774031
568.784916,197,650.892551
705.444861,216,652.316542
697.69446,202,652.476238
747.540101,245,652.651205
655.216459,198,652.779105
717.983527,227,652.940174
645.198092,193,653.082697
705.127553,235,653.260139
375.281188,146,653.366609
594.732356,180,653.493477
754.05089,222,653.641851
1144.707391,381,655.169806
1178.327439,381,655.446967
585.754162,173,655.565634
1130.650117,374,655.829723
693.657448,234,655.986291
1356.709403,423,656.280131
857.622547,317,657.663494
734.644124,215,657.908145
651.74797,207,658.061461
753.143219,226,658.225803
842.877126,248,658.519675
618.042739,192,658.660839
1057.657575,327,658.904413
701.639452,227,659.064714
722.452659,223,659.206601
715.903622,217,660.602307
718.815201,219,660.775345
945.602681,287,661.037405
591.033269,189,661.218863
654.190642,201,661.383056
732.791954,227,661.638138
730.526929,249,661.860422
761.46522,266,662.089122
1404.669582,424,663.776289
273.249968,119,663.881307
679.088305,228,664.082353
664.93184,213,664.236235
1116.580835,384,664.503421
1530.983975,500,664.86509
818.624838,246,665.107617
877.930122,255,665.324067
649.474334,190,666.850086
600.021016,178,666.988896
628.251428,192,667.113754
758.454793,229,667.264448
707.455671,229,667.435776
667.421947,200,667.60226
598.82382,181,667.72388
705.13607,221,667.879677
707.60229,200,668.011278
713.215999,229,668.175333
720.545378,227,669.838554
956.306758,310,670.069649
619.16031,187,670.209575
833.895859,252,670.379754
863.703672,261,670.550421
748.85721,238,670.713027
745.633788,237,670.890665
854.493292,245,671.064026
609.623082,186,672.43915
793.792561,261,672.642648
210.889649,89,672.707472
1010.667633,312,672.933999
753.938721,228,673.082635
1314.543222,399,673.364517
571.297826,190,673.489663
674.040761,213,673.65336
639.687376,194,673.814873
749.696685,236,675.210726
1032.476188,297,675.418817
887.794904,283,675.606657
601.664412,200,675.730686
1520.679298,500,676.051816
691.174093,225,676.186466
892.455597,263,676.354277
771.96296,238,677.715777
436.978572,160,677.840703
772.295284,235,678.025696
1232.451602,403,678.302562
660.166936,200,678.44166
742.320361,227,678.611987
743.495158,230,678.776684
1139.894359,348,679.027716
943.607,301,680.635184
639.94259,195,680.789721
598.87386,179,680.943713
553.431393,169,681.065775
785.391917,247,681.258067
613.366803,189,681.405246
649.935003,200,681.559939
638.499771,205,681.702996
806.392582,241,681.884243
863.710338,283,683.407613
380.476403,170,683.544841
983.449745,308,683.75916
931.039057,309,683.988714
977.280149,336,684.234246
821.702779,249,684.414214
870.28614,280,684.607235
604.195526,199,684.739912
887.490584,270,686.22169
785.474735,279,686.4137
1007.433067,317,686.636028
634.996475,203,686.777002
743.838724,243,686.927213
687.072488,222,687.069186
789.839217,248,687.23924
983.753958,303,687.45244
1250.167358,368,689.055506
852.146438,253,689.253362
988.994057,286,689.480811
808.802213,232,689.652793
1449.360831,407,689.97858
932.486662,297,690.166945
615.980764,229,690.339621
768.506004,243,691.865832
1409.669449,423,692.187834
1483.093915,465,692.492298
780.754181,235,692.657391
1719.294669,489,693.003919
1354.382141,500,694.660786
1400.88874,439,694.983417
800.20048,252,695.165378
965.958236,300,695.38537
743.84655,228,695.545076
1074.491899,324,695.762857
740.37391,220,695.907429
748.64869,236,697.381233
550.649035,168,697.519882
1017.485502,310,697.761421
779.426189,243,697.951165
1219.626753,369,698.215014
555.221484,187,698.344044
603.912177,187,698.473102
924.201736,278,698.668095
797.306055,240,700.230855
1180.539621,334,700.464125
1026.797093,317,700.661185
826.187712,250,700.816228
879.212701,263,700.988627
1651.477386,500,701.328739
849.430319,245,701.530651
1466.169369,453,703.063889
772.11121,248,703.247344
1277.097009,410,703.508792
990.157783,315,703.702931
1406.103696,500,704.018854
686.851114,202,705.324272
629.381699,211,705.489204
1189.08294,366,705.764912
854.245201,259,705.960962
1445.611038,451,706.26149
877.742087,263,706.498118
617.959992,199,706.640662
833.615015,256,706.809268
1529.160547,500,708.496064
641.713641,206,708.64014
242.380173,108,708.714304
1046.265186,342,708.949039
1029.792185,326,709.164049
985.897019,308,709.379829
773.715644,233,709.533592
1051.396305,363,711.039461
1504.82741,500,711.623484
1400.709727,500,712.11183
774.680468,239,712.327647
971.259457,307,712.67702
871.679902,321,715.277737
1258.216578,411,715.630604
1674.335708,500,716.253147
1010.624164,303,716.481498
1460.534473,500,716.865682
1475.869775,500,718.6214
957.826258,304,718.83589
1198.373858,375,719.201963
1293.355686,381,719.498194
1583.396432,475,719.873493
1414.105279,500,721.931863
1373.666676,500,722.377703
691.406118,243,722.543686
963.587825,321,722.764464
1330.243212,500,723.146514
1036.022628,327,724.711097
1091.443916,355,724.980372
852.533664,293,725.186972
1386.464117,500,725.523801
617.668792,226,725.715745
1415.163822,500,726.116059
131.135115,71,727.436395
942.98566,323,727.685278
1359.989218,443,728.003332
754.538138,284,728.202656
1356.351733,500,728.536983
730.085253,267,728.719882
1368.490716,500,730.552384
1544.649291,500,730.971742
1397.694597,500,731.335326
1163.176753,365,731.598176
1269.8589,392,733.377022
1301.447982,428,733.852903
1351.011183,437,734.243011
1271.867977,378,734.533607
1115.286089,325,734.775142
674.426089,208,734.927421
1031.749113,330,736.416488
1256.974621,418,736.715921
1286.371815,500,737.056748
398.573399,172,737.167404
508.024037,206,737.312763
1483.146838,500,737.650352
1055.011441,339,740.020944
832.158816,256,740.220122
1015.278015,321,740.486791
1152.911189,369,740.755144
1418.583933,500,741.228846
1523.348719,500,743.631707
685.022115,209,743.813864
981.271953,291,744.08624
734.064451,250,744.273323
1252.308494,373,744.569329
1327.529735,401,744.887567
710.92657,215,745.075694
194.01065,90,745.157376
1568.794707,474,747.311553
1667.700149,500,747.718942
1060.574766,329,747.957767
1286.901694,372,748.227792
1411.436729,423,748.513429
1679.976115,500,751.059835
1469.353617,500,751.56738
1140.366092,329,751.938275
1563.834453,500,752.310242
1664.993714,500,754.533752
943.074439,281,754.778326
676.218291,209,754.977664
716.995557,211,755.151428
806.120928,257,755.434861
749.755169,223,755.709353
657.368291,203,755.9495
980.978544,279,756.298126
980.846042,304,758.453733
853.421953,260,758.720775
617.028541,200,758.950757
791.646908,237,759.18447
1014.029944,292,759.455711
845.917262,252,759.697165
843.777317,263,759.943083
1591.068249,500,762.179078
638.078335,198,762.401967
832.420399,225,762.631542
1103.618094,343,763.145529
911.741959,267,763.441699
282.700033,117,763.577196
770.190181,235,763.841085
1242.025291,362,764.236131
960.437389,296,766.33215
357.779783,137,766.502358
790.586949,242,766.796479
1427.485075,443,767.230236
1390.869488,436,767.672463
1332.067011,400,768.125688
1259.068808,381,770.322618
718.948355,214,770.591543
865.11658,242,770.808586
680.463454,204,770.96061
1279.102928,384,771.290479
1365.916765,392,771.661302
884.44945,254,771.861452
960.607132,281,772.130057
882.383331,249,773.831538
1498.539624,426,774.306257
1063.927873,320,774.700059
1467.829787,415,775.102939
985.157652,274,775.320207
882.556393,260,775.535904
928.85216,267,777.156493
1030.48021,316,777.409799
1432.013606,423,777.912568
820.367428,235,778.132489
1140.642525,325,778.466139
1045.661765,294,778.730016
1099.85991,344,780.454674
1680.688451,486,780.797251
802.406869,236,781.001185
687.453865,213,781.192978
1083.636757,309,781.45471
1543.03646,500,781.822054
809.421372,243,782.045041
1402.320741,418,784.324558
997.101873,283,784.515393
1039.194356,325,784.75998
918.129832,261,784.933883
721.82065,251,785.107208
945.617081,268,785.292522
404.62127,158,785.39624
1477.17704,500,787.229578
1572.236726,500,787.673814
1632.228666,500,788.119215
1579.160531,454,788.467244
1429.177381,438,790.084118
886.895122,256,790.345454
1718.19531,491,790.789969
1585.83427,470,791.132653
1574.546198,500,791.484944
1124.620768,318,934.019242
1111.257379,320,934.993033
1094.418981,316,936.013863
1071.00848,312,936.980354
1134.296573,321,937.884289
1094.187255,307,938.867189
1074.615681,310,939.833864
944.02187,280,940.832935
1098.120314,315,941.743014
1093.730911,316,942.657085
1105.336117,316,943.665259
939.574685,276,944.51798
1126.772392,321,945.385736
1121.901415,317,946.151563
1118.787351,318,947.054871
1146.710839,330,948.197532
1117.77835,318,949.560591
1126.645689,319,950.811141
1135.814647,324,951.792377
1059.591476,300,952.964665
1090.178987,314,954.1876
1116.170664,314,955.369199
945.750069,279,956.23945
1137.270727,325,957.213444
1092.943757,316,958.114561
1116.20217,321,959.106212
1137.805703,327,960.313392
1088.69223,310,961.331156
1140.26508,327,962.295236
1086.017504,306,963.409147
940.882846,277,964.45812
1129.729559,324,965.623601
1068.180091,310,966.681334
1057.160775,302,967.511483
1088.441701,306,968.508107
1090.417684,310,969.391662
1112.554434,314,970.275882
1124.271591,318,971.274246
1053.659519,301,972.186628
1081.406444,308,973.106081
1095.578108,315,974.09304
1084.185115,312,975.053691
1120.609927,318,976.127358
1063.781161,308,977.048667
1110.112782,321,978.051113
937.84757,276,978.971424
939.912654,278,979.82085
1133.113938,323,981.015991
1115.188522,314,981.957939
1043.383713,297,982.89534
1073.181037,304,983.734053
1060.975921,301,984.630713
1138.072027,325,985.575794
1139.69708,325,986.554836
1139.522825,326,987.635104
940.747439,278,988.470698
1136.133311,324,989.412943
940.021745,277,990.286803
1135.121891,324,991.404982
1114.321236,314,992.354339
1118.915786,316,993.206226
1137.056622,324,994.169824
1060.125033,300,995.208242
1110.30097,320,996.347382
1129.937574,320,997.389563
935.916088,276,998.20782
1080.81426,314,999.125971
1073.187443,310,1000.129788
1132.388871,322,1001.11666
1142.389915,330,1002.095263
942.965653,279,1002.912992
1069.600199,303,1003.866128
1133.220841,322,1004.751366
1073.943767,311,1005.858688
1092.639841,316,1006.766337
1113.929469,319,1007.657649
1043.859625,296,1008.647044
1071.843766,303,1009.636811
1123.00103,317,1010.498449
1132.190895,321,1011.424165
1133.015068,322,1012.521291
1129.609202,319,1013.456641
1134.553492,323,1014.456272
1072.589568,312,1015.310608
1112.454141,314,1016.297496
1078.582128,312,1017.216307
1086.113532,313,1018.077021
1111.302983,319,1019.099864
1129.080481,318,1020.091767
1134.871332,320,1021.181347
1040.540868,295,1022.066993
936.199952,274,1022.887972
1084.542635,315,1023.863676
1063.166968,302,1024.82869
1109.211217,320,1025.695397
1116.393886,314,1026.590758
1095.693751,315,1027.679781
1129.093976,320,1028.974635
1100.702521,320,1030.221588
1097.436133,309,1031.615347
1495.358105,500,1032.288642
1536.569529,500,1032.823599
1498.594077,500,1033.409962
1500.010935,500,1033.89217
1506.998809,500,1034.484722
1487.258334,500,1035.111779
1485.089795,500,1035.604442
1485.337343,500,1036.073645
1485.471101,500,1036.540413
1485.049129,500,1036.979347
1484.868788,500,1037.486664
1484.940394,500,1037.934175
1503.582314,500,1038.403439
1484.550564,500,1038.90796
1574.477213,500,1039.358141
1480.81902,500,1039.772185
1484.288393,500,1040.161462
1496.730527,500,1040.51386
1501.859231,500,1040.877585
1484.397189,500,1041.231552
1494.480058,500,1041.620096
1503.092653,500,1042.004884
1484.409951,500,1042.36258
1501.866528,500,1042.818177
1485.53424,500,1043.684396
1485.985566,500,1044.215767
1511.434898,500,1044.609768
1507.041747,500,1044.992025
1494.60269,500,1045.37831
1502.952526,500,1045.784604
1489.09807,500,1046.179338
1491.766927,500,1046.548897
1491.41978,500,1046.936272
1487.417629,500,1047.358056
1491.161251,500,1047.932031
1490.402101,500,1048.347044
1486.428267,500,1048.736731
1496.210303,500,1049.130521
1484.281195,500,1049.609976
1489.859848,500,1050.138197
1503.64366,500,1050.543936
1495.489361,500,1050.91532
1499.204567,500,1051.278229
1497.544196,500,1051.651486
1485.592366,500,1052.040553
1660.587807,500,1052.395163
1499.800067,500,1052.771624
1582.683295,500,1053.146383
1489.752189,500,1053.590653
1497.831847,500,1054.094243
1517.894996,500,1054.654725
1486.709948,500,1055.100428
1497.331267,500,1055.577122
1482.254737,500,1055.993947
1491.579458,500,1056.39792
1485.443547,500,1056.786048
1499.13534,500,1057.150832
1668.649148,500,1057.51479
1488.802098,500,1057.878904
1493.34682,500,1058.265391
1529.684871,500,1058.62671
1506.847949,500,1059.01453
1480.958085,500,1059.378161
1629.469702,500,1059.771678
1488.489297,500,1060.149211
1491.987406,500,1060.542751
1503.35749,500,1060.916816
1487.151211,500,1061.279015
1486.726414,500,1061.657547
1483.75891,500,1062.024216
1488.931316,500,1062.396264
1492.680336,500,1062.755016
1487.531643,500,1063.336884
1491.317936,500,1063.827991
1492.120924,500,1064.254791
1497.886786,500,1064.644287
1508.206813,500,1064.999758
1555.31611,500,1065.4262
1497.192319,500,1065.789616
1487.894194,500,1066.225452
1483.393076,500,1066.638939
1497.273312,500,1067.029937
1553.632316,500,1067.401061
1485.876904,500,1067.763989
1497.712893,500,1068.126435
1481.545453,500,1068.489072
1480.042137,500,1068.87446
1498.994736,500,1069.229917
1479.191803,500,1069.615412
1494.165405,500,1069.994215
1480.487777,500,1070.343305
1657.643934,500,1070.726773
1492.428645,500,1071.240682
1494.86558,500,1071.669492
1487.99088,500,1072.170575
1482.289784,500,1072.586263
1480.566026,500,1073.004695
1496.887748,500,1073.403323
1490.422054,500,1073.789669
1498.469216,500,1074.165004
