#{"t_start": 1735830508.8137672, "env_id": "CustomHopper-source-v0"}
r,l,t
5.620873,21,0.363552
94.293848,49,0.39139
7.442442,19,0.402357
8.910819,12,0.40921
3.055996,8,0.413101
2.491972,19,0.422609
15.432899,20,0.43219
8.835156,17,0.440016
-2.189445,12,0.446154
-8.874539,16,0.454404
1.344189,9,0.459804
17.027343,22,0.472159
2.607237,8,0.476425
-0.862925,13,0.483035
2.625631,23,0.493598
14.481347,15,0.50035
38.463478,28,0.513209
33.606012,32,0.527634
-0.06717,7,0.531022
-0.79857,15,0.537859
-6.613215,14,0.544311
23.106168,24,0.555601
-2.809293,12,0.561415
49.268219,25,0.574597
2.105517,16,0.583694
10.210083,16,0.592643
59.350483,35,0.608758
-1.119047,10,0.613593
7.141478,22,0.623684
0.72384,15,0.630785
3.194896,13,0.636993
-1.944487,14,0.643461
-0.534518,10,0.648368
10.560472,13,0.655398
1.751292,11,0.662182
55.267407,32,0.679773
-0.146066,7,0.683309
1.150829,15,0.690679
13.106458,15,0.697616
34.458291,23,0.708187
14.074133,24,0.719424
3.880913,9,0.723681
15.562079,24,0.736557
2.491251,9,0.741699
13.69735,20,0.752089
-3.187979,9,0.756389
0.37732,11,0.761708
0.796232,9,0.766274
6.866482,11,0.771293
-0.533543,6,0.774036
-6.24951,13,0.781824
7.605929,10,0.787064
66.822229,35,0.807931
4.572898,8,0.812912
99.63695,46,0.838567
4.26239,9,0.842901
72.008947,43,0.861946
1.112158,11,0.867148
6.013424,12,0.872787
0.392628,13,0.878676
18.693348,31,0.89482
-5.364882,11,0.901431
20.30901,22,0.913596
-5.192859,18,0.921738
56.121337,27,0.933831
7.860575,19,0.942916
3.310539,15,0.951067
16.659692,16,0.960611
12.131511,21,0.972972
3.037343,10,0.978663
0.547718,19,0.989478
1.595867,9,0.99461
-0.352027,7,0.998342
4.612238,12,1.004215
6.634409,14,1.010728
47.485307,34,1.025616
3.61416,11,1.030475
-0.19231,8,1.034202
2.289495,17,1.042056
8.57106,14,1.048259
31.106246,24,1.060263
3.066477,21,1.069721
4.723778,9,1.073855
-0.692408,19,1.084295
-5.773631,14,1.092089
3.846866,11,1.097897
4.835013,15,1.106044
11.415713,16,1.115537
3.290721,18,1.125376
24.085866,20,1.136432
3.629737,8,1.140937
3.087036,14,1.147569
5.400119,13,1.154134
0.696601,10,1.159803
25.917114,21,1.17201
20.395346,20,1.183637
33.26195,22,1.196377
4.417992,12,1.203193
2.93922,14,1.211797
-3.59991,17,1.221364
61.361267,29,1.234977
30.831378,22,1.245108
4.513837,9,1.249377
28.157984,22,1.261874
0.549176,12,1.267307
10.244914,14,1.273567
28.754938,22,1.284165
-3.032743,12,1.290029
59.44339,43,1.309259
3.124391,11,1.314226
0.821183,11,1.319144
5.644759,11,1.324991
77.427502,41,1.343206
2.397256,13,1.349111
92.105205,43,1.368919
15.493568,38,1.390447
8.195208,13,2.194884
24.240389,19,2.204936
2.411249,12,2.212215
-4.608875,17,2.222246
2.847865,7,2.226374
6.365684,10,2.232369
0.834518,11,2.238614
16.163426,14,2.248085
18.420369,23,2.261179
16.624398,25,2.275747
65.411117,39,2.296006
11.427362,13,2.303239
2.281977,9,2.307704
-3.085788,16,2.315111
59.551433,51,2.33809
12.383916,22,2.34981
16.181895,24,2.363227
38.301466,17,2.373069
38.535869,23,2.385772
1.184593,9,2.391038
6.89133,10,2.396408
3.943378,10,2.401714
17.536884,15,2.408708
3.4144,11,2.413701
-4.735916,14,2.420271
72.454558,39,2.437827
-0.201135,14,2.444669
3.474064,9,2.449829
3.291853,7,2.453086
37.190058,28,2.46688
83.031549,45,2.49151
51.549642,35,2.507651
18.881122,17,2.515415
0.114886,13,2.521402
12.068967,26,2.536585
44.261261,33,2.556265
22.414575,18,2.565315
1.502864,11,2.5709
9.521082,14,2.578038
31.930979,23,2.589212
3.702654,23,2.601543
34.191578,22,2.613743
6.850609,12,2.621278
30.100357,22,2.632711
7.863847,11,2.639792
30.270156,23,2.652976
3.841811,10,2.658798
68.372237,35,2.676689
47.792686,25,2.688405
5.787506,14,2.696558
23.8414,20,2.707085
28.005905,23,2.720294
73.028582,46,2.744708
7.939162,12,2.75015
23.898928,16,2.757945
126.76436,57,2.783197
41.136556,30,2.796677
51.234893,39,2.814371
22.519959,18,2.822676
21.349193,47,2.843591
23.18851,25,2.854746
53.030074,52,2.878538
201.764417,89,2.923619
41.620991,48,2.948383
3.147067,9,2.952786
11.364517,10,2.957643
4.98224,16,2.964815
-4.686018,23,2.976166
68.324862,40,2.998383
100.910468,58,3.025242
5.936183,10,3.030455
8.990458,21,3.042115
43.554438,20,3.053805
6.935287,14,3.061512
5.172283,10,3.0664
6.764665,13,3.073143
17.390065,21,3.08387
14.00384,16,3.092421
253.891483,131,3.154258
19.397562,23,3.167992
80.711412,49,3.198733
0.111878,11,3.205041
11.258758,20,3.21579
48.106964,31,3.233323
7.09171,9,3.238483
10.494514,21,4.082315
76.394616,40,4.104807
78.566837,36,4.122368
2.684439,14,4.129053
51.303123,31,4.143829
46.002276,27,4.158836
57.256535,34,4.176783
128.724025,54,4.209052
63.088637,29,4.225692
136.176372,76,4.261675
141.815784,80,4.301394
-3.286737,14,4.308823
15.975531,20,4.319612
68.291083,30,4.333747
79.752077,43,4.354648
-4.759976,12,4.361142
99.751101,45,4.386238
1.295487,10,4.391459
18.014141,14,4.398243
115.576274,48,4.422179
-1.147068,19,4.434044
97.935043,42,4.461399
2.113927,10,4.467546
40.021964,33,4.486841
46.550236,20,4.499068
69.083313,33,4.518287
44.638196,29,4.533351
54.217462,22,4.546114
139.527488,56,4.574915
0.687248,10,4.580073
9.519625,14,4.586609
93.854371,42,4.60667
92.109385,42,4.626477
3.151497,15,4.633585
43.302451,28,4.648674
93.036775,40,4.668099
54.254049,30,4.682576
96.844786,43,4.704252
1.107654,19,4.7132
98.167889,42,4.732915
227.598603,114,4.786856
0.262299,11,4.793285
30.991976,23,4.806499
18.454948,14,4.814065
52.575714,26,4.826251
33.644413,24,4.837628
79.957248,70,4.870558
152.487988,64,4.901321
59.077614,36,4.919165
13.318662,16,4.929042
-5.245587,16,4.939181
0.491112,13,4.947048
86.782349,42,4.967891
89.765086,47,4.990018
89.407297,52,5.014514
111.844168,47,5.036447
2.947884,28,5.049709
98.335792,43,5.070057
116.873501,49,5.093165
107.365276,48,5.120257
58.528949,30,5.970133
43.443003,20,5.981317
63.102653,31,5.997844
99.539683,48,6.020375
90.120131,44,6.04733
124.723353,59,6.08385
82.145555,47,6.111505
10.80373,15,6.120277
49.939874,23,6.133703
18.032696,31,6.152358
62.765217,33,6.169828
130.972331,58,6.200123
6.93463,16,6.209523
101.376679,48,6.234121
34.138923,23,6.244932
96.73396,55,6.272999
160.583443,71,6.307107
4.571204,16,6.316419
93.117524,49,6.34356
6.852094,10,6.348392
82.094943,41,6.368679
111.766217,56,6.398424
112.563908,50,6.423967
79.489286,38,6.445095
78.581446,44,6.467576
208.089979,86,6.511523
150.935752,71,6.547114
48.356604,30,6.561724
68.973051,45,6.583668
214.176458,98,6.637652
218.707601,90,6.680755
92.427156,46,6.703231
82.925971,42,6.726496
192.151579,82,6.76621
211.256083,88,6.810078
61.267916,35,6.826871
84.237123,44,6.847645
69.348426,41,6.867312
3.761764,12,6.873178
168.990649,71,6.906024
18.241058,17,6.914351
56.299108,34,6.933574
110.802592,56,6.961908
59.772168,39,6.980692
17.524286,14,6.989212
32.076219,22,7.002131
52.668005,26,7.015004
71.02504,34,7.884758
74.032079,33,7.902768
109.022831,50,7.926803
64.991646,32,7.944173
45.108645,21,7.956342
2.12868,20,7.966427
77.58163,34,7.982407
161.16418,64,8.012341
100.806269,52,8.036382
211.139478,87,8.076272
88.725841,45,8.101812
90.545549,57,8.129528
83.361412,54,8.158414
76.517107,35,8.176238
130.937258,56,8.205071
201.472644,83,8.245983
75.196818,36,8.264033
56.900115,28,8.277107
105.572213,46,8.303166
189.652809,80,8.340877
90.585425,42,8.360596
160.754036,65,8.393598
145.844843,95,8.439595
48.227854,29,8.455664
214.63358,96,8.504729
17.521137,16,8.512343
232.910438,99,8.560334
96.646326,53,8.590985
156.548841,63,8.623825
186.96248,84,8.667629
36.690815,28,8.682291
-4.833188,11,8.68978
2.35096,11,8.695341
101.972663,46,8.718493
211.273085,84,8.759363
164.027534,75,8.801777
126.475596,54,8.827647
46.502909,30,8.84163
47.264949,21,8.851494
158.021125,66,8.882178
239.492352,113,9.780874
53.122432,25,9.792731
181.394988,73,9.829634
91.259134,46,9.856542
54.341563,24,9.870609
65.489922,29,9.884973
56.289515,25,9.896603
142.886161,58,9.927828
212.164072,92,9.972005
111.717097,49,9.995111
197.340162,79,10.03314
81.940162,38,10.055497
124.08056,53,10.08118
62.545553,26,10.093369
143.511052,58,10.127958
107.092628,44,10.154816
177.439077,84,10.197255
26.614546,15,10.204256
203.784661,81,10.241921
226.457819,103,10.289364
202.166791,83,10.327671
127.334143,56,10.353406
129.307978,57,10.38382
196.24199,81,10.420939
145.413615,59,10.448122
141.042007,61,10.476019
65.747212,32,10.491583
206.970065,93,10.535974
84.502677,41,10.555348
100.128463,43,10.577877
53.702425,27,10.593757
122.565192,53,10.624167
170.530195,70,10.659266
214.417821,86,10.705792
88.816496,41,10.725096
226.53338,112,11.602132
199.508648,83,11.647552
204.547375,82,11.689497
55.924674,30,11.707692
193.108229,80,11.748263
166.247115,70,11.78054
175.638663,78,11.816865
212.320461,85,11.856305
212.684407,87,11.897941
212.370918,90,11.941136
241.308483,104,11.991476
204.889772,82,12.034967
187.801697,80,12.077611
154.028254,65,12.10822
56.834283,27,12.123695
201.923178,87,12.166723
175.231173,73,12.200404
89.965631,46,12.224093
82.378752,44,12.248521
75.046818,37,12.266168
86.744968,41,12.28516
202.83996,86,12.325182
59.292046,28,12.340892
217.89469,88,12.383069
202.641717,83,12.421612
135.778211,59,12.448602
197.765952,79,12.489629
118.416014,73,12.531774
53.31788,25,12.548971
172.435636,72,12.584667
168.01221,72,13.418275
227.584545,101,13.476511
136.725678,59,13.510712
53.037997,20,13.522336
129.658577,50,13.54898
116.964315,45,13.574418
67.896358,30,13.589061
275.820205,141,13.663259
107.036943,46,13.684581
196.366125,77,13.721487
96.065409,41,13.741113
215.578085,84,13.781069
187.349689,75,13.822359
11.842815,14,13.828973
190.180135,74,13.868523
202.61834,81,13.912505
215.135859,84,13.951339
100.591438,42,13.971493
191.956834,73,14.012748
196.346467,75,14.048213
177.107872,66,14.079715
79.903762,32,14.098448
220.173459,85,14.143659
193.551141,77,14.186191
188.206113,71,14.223267
192.142607,73,14.25698
99.246617,39,14.27517
119.506922,47,14.297558
153.407061,58,14.324577
54.413554,20,14.334876
212.916128,84,14.379501
202.853515,86,14.420706
199.150819,75,14.455678
189.820381,72,15.305821
229.845033,96,15.352647
203.13503,88,15.395283
193.831026,84,15.433925
230.661638,95,15.483865
201.832441,84,15.533334
90.40437,45,15.558054
157.711397,72,15.602381
200.375923,84,15.648791
212.955408,92,15.697467
132.416048,60,15.730936
184.882534,79,15.770244
207.334356,87,15.817267
184.267186,81,15.858721
190.80082,82,15.89754
152.10709,66,15.928248
200.652683,87,15.973253
183.151093,86,16.014068
211.1185,89,16.060285
80.033409,45,16.081229
215.679974,89,16.124942
207.617772,96,16.174661
200.778485,86,16.219504
206.409244,87,16.277823
206.819562,86,16.320578
153.291774,69,17.158967
197.915899,81,17.207042
124.3235,59,17.240844
91.088567,42,17.260838
73.144946,36,17.278041
161.88781,68,17.314743
167.436228,78,17.354443
195.933493,84,17.395568
205.733579,83,17.435549
186.603839,77,19.88723
198.434196,82,19.930035
185.36234,79,19.983635
206.640201,84,20.028228
183.502295,76,20.071738
208.355838,92,20.121622
190.164893,78,20.158134
183.24769,75,20.198786
198.760726,81,20.240517
188.975853,80,20.283772
192.246817,79,20.34815
190.119067,79,20.4013
51.262629,35,20.421683
202.224089,84,20.467175
202.079724,82,20.509634
197.348545,82,20.54785
195.825138,82,20.590389
190.32343,78,20.628181
207.634248,83,20.667586
197.587332,83,21.651602
193.150303,79,21.690316
93.951209,48,21.717772
189.869102,79,21.777007
201.682563,83,21.828495
179.003787,74,21.872537
192.368955,83,21.91517
203.639727,82,21.959013
268.830156,112,22.024011
208.960164,88,22.068858
199.0171,81,22.111283
187.813333,82,22.155907
226.743354,90,22.198148
67.023481,36,22.215558
155.651208,65,22.247507
198.505915,84,22.286905
186.895332,77,22.323265
198.541845,83,22.361871
206.348111,87,22.410994
189.777475,80,22.452163
200.362116,85,22.496015
193.262411,79,22.53558
199.08212,81,22.582919
199.960141,84,22.624243
177.03986,74,22.662577
200.63737,84,23.551034
187.758644,80,23.596085
213.275697,85,23.643165
210.48472,87,23.684444
196.846157,85,23.725455
195.805867,80,23.764064
187.791931,78,23.800849
210.496805,86,23.841301
194.056544,80,23.882304
210.948925,86,23.930813
226.21133,98,23.98345
191.381995,79,24.024464
209.158343,89,24.077137
197.749094,85,24.124841
198.38188,79,24.163011
262.085502,136,24.231987
204.966102,86,24.274782
216.855512,89,24.318757
206.103267,84,24.362203
191.890623,77,24.400882
178.70996,75,24.436194
202.208555,83,24.479925
187.459562,77,24.520524
187.767238,80,24.563465
209.887018,84,25.465608
225.373477,89,25.513771
195.640899,81,25.552005
214.176646,88,25.596311
191.599326,83,25.647846
204.796949,84,25.697484
289.373216,115,25.754745
200.991762,82,25.798301
199.823381,83,25.837228
204.940234,90,25.881399
199.856477,83,25.923341
216.426712,89,25.971209
202.568576,82,26.012209
202.146672,82,26.050064
237.281339,107,26.110248
199.326155,84,26.15605
132.734996,60,26.185882
200.861068,83,26.230644
215.20651,93,26.285268
231.205034,110,26.349634
247.192175,113,26.41763
182.10357,78,26.46486
146.336227,62,26.50123
222.408521,92,26.555789
229.881243,96,27.495475
198.359608,82,27.537319
190.681679,78,27.5865
214.958997,86,27.633224
219.985032,89,27.682706
214.997217,87,27.723599
228.760477,93,27.771925
201.531027,81,27.814263
211.264166,90,27.856031
202.625665,85,27.898121
245.498616,103,27.947423
196.306574,82,27.991006
227.903833,94,28.040478
275.14396,108,28.100072
234.891948,92,28.150857
192.285452,78,28.19556
277.197391,106,28.245862
206.565169,87,28.286611
194.956068,94,28.330617
177.379121,74,28.370017
248.438854,127,28.432103
244.050723,105,28.483574
193.119809,79,29.330998
310.407339,118,29.391371
311.269093,118,29.447343
266.703385,115,29.509879
218.62557,98,29.560719
241.885576,97,29.612494
243.061056,101,29.662493
311.680744,115,29.716904
186.600429,81,29.761406
231.275288,97,29.810165
213.727634,88,29.851246
351.07948,157,29.9302
204.48423,83,29.968813
218.944216,87,30.015882
207.069892,87,30.06002
212.946261,89,30.103548
321.025163,137,30.168945
270.578415,107,30.228211
200.267604,87,30.270349
242.099361,107,30.32488
266.400213,111,31.203951
292.670373,124,31.266909
328.55086,146,31.339653
235.242572,93,31.382861
308.031955,110,31.436798
188.145848,81,31.473913
326.562164,143,31.543187
301.804745,115,31.600967
287.839146,122,31.669225
327.641131,133,31.73555
323.582582,121,31.798347
233.91311,96,31.849478
297.088701,116,31.907855
222.824203,90,31.95328
251.938565,107,32.001495
301.554993,120,32.063681
222.717846,89,32.114938
231.590492,102,32.163635
209.147853,84,32.202129
305.124194,122,33.107474
258.642611,101,33.15611
301.911118,114,33.213124
218.402795,94,33.258074
266.746397,105,33.315226
258.817596,101,33.364509
401.857517,180,33.449174
387.78396,176,33.533965
231.328847,93,33.580419
253.250046,117,33.640672
343.031785,155,33.716254
293.731377,113,33.770238
310.621257,141,33.839153
324.048006,129,33.897375
283.258436,137,33.967687
323.610959,118,34.022278
278.374204,115,34.929495
280.969887,106,34.981578
247.504485,104,35.033121
103.341455,54,35.059731
318.187884,150,35.135943
214.07129,97,35.180509
332.939773,129,35.246536
118.260068,54,35.272684
330.172306,136,35.339994
258.147313,111,35.389884
316.189405,119,35.446718
278.500456,118,35.502104
244.782235,106,35.558822
254.051975,108,35.614803
296.240013,117,35.669038
317.426985,120,35.723819
120.862489,54,35.748423
225.408292,109,35.807359
328.701145,145,35.882549
337.853104,127,36.781206
311.943069,132,36.848952
259.976774,113,36.901123
288.487466,112,36.958451
432.796616,185,37.060881
295.678686,125,37.120321
254.544145,113,37.180841
355.799022,135,37.249777
277.150633,110,37.300991
288.366949,120,37.361301
267.388161,117,37.420751
275.371882,127,37.488791
216.549231,110,37.550126
316.252833,148,37.626889
402.072436,186,37.717196
301.675098,116,37.77826
344.66647,144,38.695879
231.713003,102,38.747017
317.451261,129,38.81216
210.473639,109,38.872354
276.996109,118,38.927278
381.843998,175,39.010041
351.912418,132,39.073275
264.472451,119,39.129677
249.432391,116,39.182514
302.624892,129,39.24616
307.551803,139,39.312047
316.373193,136,39.374164
231.082045,97,39.420448
348.244493,125,39.484113
278.044314,108,39.53389
313.605683,125,39.591599
225.171285,96,40.491249
326.370995,135,40.560924
302.12368,124,40.622432
322.120369,126,40.690374
336.729011,142,40.764923
162.129382,72,40.798475
286.704302,126,40.861628
307.745569,121,40.917054
264.686987,119,40.975514
269.801019,111,41.030373
194.122057,101,41.078064
346.133342,153,41.152413
361.800547,121,41.214796
341.105843,127,41.277075
356.123896,124,41.333136
283.081197,147,41.400065
308.445168,123,41.464276
280.345387,113,42.341456
277.477548,110,42.398656
461.738958,174,42.485183
323.762248,130,42.562109
280.242285,123,42.632584
306.427828,123,42.691811
342.586581,136,42.760202
267.899007,109,42.813833
314.019558,115,42.867154
297.167763,121,42.933247
349.820147,147,43.013828
337.768372,151,43.08803
222.930653,88,43.129807
308.196967,136,43.199807
314.797195,127,43.262534
363.304677,145,43.329315
327.341954,125,44.195334
352.293609,127,44.261475
346.874564,152,44.331543
365.742136,135,44.397261
469.166668,201,44.50136
397.629025,174,44.597294
364.231534,162,44.676103
297.468306,124,44.738902
494.328323,179,44.820971
280.588924,112,44.873956
298.588409,115,44.935283
314.57065,120,44.996186
302.794337,124,45.053477
308.241211,120,45.11421
462.376728,183,46.019601
248.708609,115,46.071836
225.891162,93,46.119506
304.715013,136,46.186198
431.865217,147,46.254361
266.72837,114,46.311184
339.767206,154,46.403271
370.575701,161,46.48807
349.738422,129,46.550846
284.546228,122,46.61557
468.897077,205,46.721194
340.946176,119,46.78245
478.064666,189,46.882782
426.469168,169,46.970676
320.925699,121,47.029609
564.835938,218,47.957545
260.556411,133,48.017705
254.57994,116,48.076559
354.305362,161,48.151702
440.105179,183,48.240122
313.262269,136,48.307964
274.325544,114,48.36607
223.252096,91,48.413112
161.398408,80,48.450973
670.747251,243,48.562049
332.310648,123,48.626341
348.040618,131,48.701664
324.481932,127,48.764739
84.798141,39,48.78468
431.194407,147,48.856736
208.301854,98,49.724401
318.758311,127,49.789631
337.33606,129,49.849089
604.965867,264,49.9819
393.929244,186,50.071821
279.241321,116,50.127205
351.724651,137,50.197595
198.356708,85,50.241845
352.766647,146,50.312477
283.249314,139,50.381578
309.539562,152,50.452165
390.061758,169,50.538416
316.408861,131,50.606886
440.533893,227,51.569464
694.490978,242,51.697573
305.307883,121,51.752147
368.456395,143,51.817622
155.968038,73,51.853101
222.671614,100,51.906498
450.069306,176,51.994057
267.15322,109,52.051137
369.996329,152,52.123947
364.361764,171,52.213117
458.052441,188,52.300498
414.758659,174,52.389026
574.594285,210,52.49146
504.361919,202,53.6186
293.732552,124,53.693586
448.61474,185,53.804163
354.85448,135,53.882349
419.558022,152,53.958788
379.747844,142,54.054274
267.130273,112,54.106597
327.629293,130,54.17134
334.50134,146,54.2469
566.102875,195,54.354753
320.33628,125,54.415028
320.163491,120,54.476444
328.179415,133,54.544706
352.230022,134,54.605995
545.289741,205,55.562514
350.218652,131,55.634373
449.703787,156,55.712901
388.170145,141,55.780452
396.685674,146,55.85394
503.832932,209,55.973269
338.391268,150,56.052108
493.858515,168,56.134737
313.526652,127,56.198198
540.006869,201,56.297231
300.108306,117,56.354832
344.457035,142,56.42265
295.725861,123,56.481313
387.939037,174,56.570944
371.722234,174,57.517296
425.921219,146,57.601931
649.543908,281,57.752363
438.919455,203,57.858555
257.488281,109,57.914913
403.561041,168,57.999338
219.581509,95,58.04687
490.733365,204,58.148694
398.506392,163,58.232935
573.230982,243,58.379439
485.747648,188,58.485458
673.060754,231,59.469762
203.20874,98,59.526908
449.363163,147,59.609051
366.662012,149,59.689584
499.893162,187,59.786072
307.796335,124,59.853271
796.313842,347,60.036529
727.478975,280,60.171454
536.036379,214,60.282471
553.028939,208,60.384961
198.716251,80,60.424772
736.624171,279,61.399578
694.149274,301,61.565572
459.581223,185,61.659463
338.456572,137,61.730125
436.405041,161,61.810638
178.46448,95,61.861671
1132.968655,411,62.055462
399.580846,160,62.131022
335.426469,171,62.213179
756.028316,341,63.243397
380.966562,150,63.325107
387.774627,176,63.416856
511.384276,171,63.499912
344.215128,137,63.570729
585.701096,201,63.667542
794.608436,278,63.813536
419.803009,159,63.901947
604.768381,228,64.019064
339.369032,139,64.091598
232.431845,110,64.146992
447.923642,162,64.242532
911.706382,470,65.42629
612.964454,261,65.588097
544.057841,216,65.707002
398.957191,194,65.812667
353.334448,144,65.935411
1139.093606,500,66.221788
484.424122,194,66.324825
582.568545,215,70.211079
627.535986,281,70.381516
244.513286,121,70.454185
636.189184,251,70.594606
691.527144,249,70.731609
361.527909,173,70.831567
262.125098,116,70.890489
373.279477,153,70.972197
481.075836,218,71.089619
312.224058,127,71.164642
1036.516965,401,72.313297
385.584622,168,72.415292
545.889368,203,72.532167
620.859901,237,72.66718
395.864063,142,72.743828
334.170923,148,72.82163
447.166971,163,72.912364
696.063524,222,73.025961
497.431139,193,73.129771
349.260622,133,73.20508
577.826276,198,73.308071
343.687291,129,74.293774
162.710797,77,74.343304
396.515719,147,74.433268
362.931529,158,74.526218
355.727982,172,74.621807
630.439984,219,74.749165
543.693232,186,74.854606
814.864623,281,75.002304
766.185772,252,75.121775
391.183991,146,75.195317
211.342973,106,75.251753
574.536086,191,75.352742
860.770366,253,76.337563
599.038561,208,76.45309
566.380591,203,76.558307
562.529473,189,76.660299
575.003342,211,76.763892
533.127632,207,76.865455
523.292338,179,76.959354
531.830893,206,77.063142
278.809099,121,77.125972
237.293763,115,77.181096
217.492165,91,77.225872
453.224546,180,78.147278
405.013544,149,78.237363
831.919801,297,78.407355
588.850652,220,78.529171
460.811934,157,78.614047
757.670712,263,78.745921
606.426809,185,78.845506
777.890028,294,78.991589
506.704841,181,79.080312
430.921752,150,79.150187
236.037773,100,79.196927
733.857815,239,80.168732
589.067928,288,80.329036
635.124843,223,80.451611
733.213608,275,80.594988
253.014108,148,80.667448
576.002297,281,80.806679
600.482428,239,80.931653
830.26049,412,81.960308
511.575603,179,82.06141
270.628482,118,82.125029
618.632412,200,82.22835
673.306412,270,82.380579
180.338373,91,82.427149
245.098168,104,82.481774
588.419899,187,82.580319
244.572451,105,82.638482
499.185232,180,82.727897
596.301223,256,82.862401
1054.067636,389,83.901336
474.009874,185,84.004977
587.893778,229,84.125622
474.417391,215,84.236635
728.181464,258,84.37315
364.751737,135,84.44085
793.091987,302,84.590412
645.968863,248,84.742195
702.058493,290,84.893474
535.967163,219,85.84191
343.939181,133,85.916545
392.590666,141,85.992753
442.451755,148,86.071151
609.474021,229,86.192416
622.841392,208,86.298872
287.037438,117,86.360428
242.998133,98,86.413503
505.680161,179,86.505194
162.667269,76,86.54586
696.847622,241,86.667501
462.812692,156,86.740317
607.096595,215,87.693157
262.172398,96,87.749713
561.278569,186,87.856086
454.993963,177,87.958634
564.342716,195,88.061738
627.346112,217,88.173945
646.768036,208,88.274326
709.988446,235,88.394016
512.946326,173,88.491924
379.274037,129,88.560223
522.05989,180,88.654094
510.575658,191,88.741795
728.790904,308,89.746601
734.179464,265,89.886801
728.773628,311,90.045961
866.628009,319,90.201354
492.857325,238,90.323542
675.667685,284,90.475783
812.698241,279,90.622964
421.706183,175,91.54579
695.553778,234,91.681513
578.699557,212,91.793641
431.473806,169,91.884694
572.595662,217,91.995521
412.750133,148,92.067447
366.690096,137,92.136552
637.756553,211,92.244435
529.049562,164,92.331421
575.818257,180,92.423017
302.993683,126,92.4899
594.876947,201,93.460677
162.754509,72,93.502596
989.153126,339,93.692553
555.246662,210,93.803316
475.735971,167,93.89149
202.439304,94,93.946806
358.729248,151,94.020207
752.247004,350,94.194471
791.470742,277,94.330357
664.327921,225,94.445422
233.055198,111,94.499289
456.515498,166,95.42265
632.197935,221,95.546195
439.288135,160,95.629357
421.632829,152,95.71116
341.995916,130,95.775438
405.672185,161,95.861929
138.346404,66,95.894461
582.145669,175,95.985801
363.84595,139,96.056376
418.799896,154,96.128836
561.928479,203,96.229146
633.833607,216,96.332208
431.437298,151,97.249876
390.216985,143,97.333058
331.915164,127,97.404824
599.770921,215,97.527352
330.993458,127,97.595793
682.276778,242,97.722386
585.416944,197,97.820605
631.195141,250,97.950015
324.838175,149,98.021579
425.252392,147,98.093661
742.977852,244,98.213428
407.913382,142,98.287079
984.644623,325,99.296708
990.112376,348,99.483147
815.206326,282,99.620183
953.598631,300,99.770505
851.458431,317,99.933341
659.572886,203,100.032351
653.729851,226,100.140319
710.176914,241,101.086275
867.753071,319,101.262232
409.27206,142,101.336499
505.795019,166,101.421968
539.544334,169,101.503381
228.432732,100,101.559659
705.51284,221,101.666016
900.553233,290,101.808104
951.89713,295,101.966591
563.031589,189,102.05471
917.007754,309,104.575777
1044.720305,375,104.769053
740.812631,228,104.886992
893.655417,298,105.035764
1251.474897,500,105.278303
693.094962,249,105.4042
182.127862,85,105.443813
426.137542,149,106.345854
687.257136,222,106.471915
665.208293,226,106.592756
244.914488,106,106.649956
266.792432,106,106.702669
638.58833,236,106.819894
680.524145,236,106.942479
792.351772,247,107.057639
389.917261,160,107.136001
720.969465,243,107.250359
728.711934,242,108.215204
746.286869,259,108.36338
699.53746,220,108.486346
629.491716,224,108.60403
673.662356,226,108.710445
1242.131097,414,108.909855
681.27538,237,109.019522
754.623477,251,109.146692
438.292264,145,110.028541
580.877726,209,110.143498
835.139833,309,110.299832
812.477056,343,110.485519
896.129888,285,110.624683
992.891966,341,110.788474
970.488328,306,110.938315
256.43279,119,110.996235
806.361326,289,111.926548
878.884564,280,112.068719
576.413593,219,112.177922
535.501938,175,112.268233
734.787261,248,112.387033
1153.532805,408,112.595249
757.676651,254,112.711628
355.728126,138,112.778308
1255.905203,460,113.806154
119.542946,50,113.832891
125.264245,53,113.860006
1299.609273,467,114.09826
391.808532,167,114.182887
423.881422,221,114.317542
1156.934898,445,114.549521
370.637406,207,114.65226
406.130479,157,115.555846
683.141745,231,115.686012
450.883916,154,115.768889
737.76216,248,115.969244
776.980448,243,116.111597
801.316721,270,116.253214
1020.950279,342,116.427285
633.773515,195,116.52812
857.46889,252,116.652133
950.084021,315,117.611998
908.578283,335,117.786092
1328.06982,500,118.039176
608.90224,336,118.200262
803.228972,269,118.334374
895.7251,317,118.491111
1036.665925,314,119.435971
1133.83574,405,119.636975
734.097555,258,119.771896
1093.092592,361,119.937995
707.295336,255,120.071617
737.479927,238,120.206909
853.59144,299,121.180266
678.817464,218,121.300099
926.747552,331,121.470549
1007.715639,340,121.633096
133.822819,61,121.664762
1117.90817,323,121.826704
1287.879268,387,122.008955
1082.844791,325,122.178277
748.861833,234,123.069247
719.262532,216,123.174479
731.950852,221,123.28865
715.956767,216,123.402533
787.0104,256,123.526868
733.396723,237,123.641181
795.512725,253,123.763062
847.671922,228,123.872704
767.084984,249,124.84688
1351.076908,436,125.143211
605.765405,256,125.279752
866.026013,290,125.429687
981.052394,322,125.592663
1341.821586,455,125.811293
294.722057,141,125.88158
997.009418,318,126.871217
763.310754,281,127.027834
662.700207,231,127.150734
813.824273,254,127.280718
1019.222608,341,127.456534
719.200982,240,127.579485
935.531751,307,127.726896
759.056193,241,128.838227
771.016324,245,129.013643
943.545329,279,129.194133
626.595253,244,129.342815
1014.151689,320,129.515994
