#{"t_start": 1736700236.8632758, "env_id": "CustomHopper-source-v0"}
r,l,t
7.017957,13,0.35035
22.120302,22,0.378308
8.818599,15,0.397234
29.723847,36,0.441203
8.204971,24,0.603637
13.176689,16,0.823602
14.524202,14,1.006482
7.774818,15,1.200611
10.886058,15,1.477797
7.521271,10,1.612818
10.976643,38,5.801117
12.342462,32,6.213881
11.126753,39,6.814833
10.864562,15,7.02615
141.30271,77,8.064572
21.721958,24,8.384223
12.064238,28,8.767664
3.697419,25,9.095566
12.128436,16,9.304742
44.633286,51,9.971113
10.026681,12,10.147765
5.001136,19,10.403538
7.754823,24,10.731089
12.032768,30,11.13167
141.725629,104,12.554469
82.575208,56,13.323868
61.624442,36,13.816367
41.713087,31,14.265513
132.210026,98,15.649851
49.729495,29,16.050551
20.838953,22,16.368248
178.003359,101,18.051871
55.224589,32,18.583419
59.433188,34,19.149536
88.650348,50,19.961336
121.355951,77,21.199167
50.101136,29,21.67798
197.124746,94,23.240649
191.085921,85,24.614598
184.808741,92,26.106577
150.056132,73,27.294456
88.787139,51,28.131534
189.307157,93,29.634802
203.975091,93,31.151043
194.026876,98,32.773369
182.430428,86,34.429193
206.252092,95,36.092433
194.121761,96,37.67502
205.587278,102,42.892683
191.730742,95,44.442234
203.293587,99,46.114181
190.912465,95,47.680548
211.337676,102,49.433064
186.342498,90,50.842107
199.953767,92,52.745367
205.654443,101,54.377043
192.975885,94,56.058922
120.971214,64,57.201288
195.958881,97,58.780639
114.1867,60,59.771852
199.934395,91,61.267952
210.944834,100,62.909872
202.639694,93,64.420574
203.406761,90,65.88194
207.986498,92,67.376384
202.273878,91,68.874634
201.380012,89,70.328667
193.838501,89,71.819901
207.103512,92,73.329463
203.770603,91,78.363016
219.571605,96,79.916748
201.304855,90,81.391233
216.035484,94,82.927052
214.005084,93,84.415757
206.312343,91,85.903938
212.181805,93,87.381501
202.707888,90,88.839227
197.605785,88,90.274328
205.479297,90,91.714555
218.24827,96,93.257245
213.733146,108,95.023114
214.263606,94,96.549279
205.982585,91,98.57854
222.549338,96,101.3961
197.675815,87,103.007936
225.244388,97,106.031772
216.006938,101,109.443843
223.822282,103,116.582832
74.938167,42,117.389323
214.185263,93,119.216032
224.1604,114,121.464228
230.917976,98,123.351615
256.729223,121,125.416359
221.605657,96,127.183187
218.488583,97,128.84998
231.437386,98,130.453351
220.812616,95,132.031415
239.882082,100,133.649722
253.779572,106,135.389288
237.405445,101,137.033156
250.09564,105,138.798336
247.778588,103,140.474325
257.952008,108,142.317681
262.0341,109,144.115465
285.600335,134,149.85207
246.810652,104,151.519197
274.416745,114,153.517343
275.56193,113,155.533829
278.667851,117,157.870951
273.14473,115,159.810433
280.863379,119,161.747074
274.387804,117,163.637651
272.183045,121,165.603948
272.329154,117,167.476695
264.251485,116,169.317168
265.792305,116,171.185637
264.46666,112,173.098932
267.138936,114,174.940112
270.788673,116,176.805268
279.682635,121,178.736876
266.789686,114,180.56792
269.398528,114,185.900704
274.582706,119,187.836505
264.454378,112,189.677194
267.663842,115,191.513883
257.147014,108,193.250908
260.211999,112,195.050505
258.28664,108,196.768468
257.17146,120,198.69698
251.159927,115,200.582339
252.519829,108,202.307914
244.227674,108,204.140218
256.820957,122,206.128423
255.550903,111,207.893815
259.62943,107,209.583323
265.476075,109,211.323283
270.046839,109,213.060863
258.798507,117,214.947991
254.052668,114,220.456275
251.584453,110,222.213691
244.362638,109,224.009135
242.623516,109,225.822938
245.635552,109,227.592294
243.877347,108,229.312333
246.723683,106,231.008911
276.250216,112,232.811895
258.666847,115,234.762279
267.865501,115,236.634041
247.577518,104,238.278019
251.17806,109,239.9934
270.249132,111,241.766124
263.710645,108,243.559793
260.544952,113,245.408825
253.939167,110,247.372329
264.818855,109,249.093187
275.989235,112,250.999515
266.043989,107,256.213565
252.692335,110,257.967963
253.317175,106,259.699244
253.455552,105,261.417457
237.746444,110,263.242698
242.36295,101,264.999653
250.96432,107,266.77636
245.287569,104,268.472605
251.775308,105,270.18978
244.816066,109,271.944915
255.149407,106,273.657955
256.403601,107,275.378304
279.443431,114,277.222901
265.621452,110,279.018064
273.610015,108,280.879772
257.187686,108,282.658113
281.840438,113,284.613084
270.29927,112,286.326908
316.977896,145,291.921534
296.664625,117,293.802627
298.857568,119,295.829424
288.121574,125,297.848655
304.746355,130,299.99251
318.880649,123,302.038691
311.772964,122,304.018835
311.859921,123,306.043762
314.714893,126,308.068736
316.146542,128,310.162605
296.221438,119,312.107451
304.796589,123,314.06595
300.899729,121,315.97895
361.870541,137,318.155329
305.036941,122,320.105037
313.443047,122,322.05556
296.241116,116,327.423003
297.897754,118,329.354887
305.997812,123,331.378439
259.682371,108,333.119783
271.567807,112,334.937124
279.013332,115,336.814887
276.444057,113,338.781652
271.129111,113,340.631967
287.666026,117,342.519523
275.218537,112,344.37452
271.938064,123,346.316743
276.482165,115,348.154522
296.117343,117,349.9966
282.771675,115,351.849687
304.409659,122,353.923237
289.228786,122,355.92267
291.132214,124,357.913229
298.156068,127,363.208836
295.267104,123,365.193773
286.73269,119,367.136378
292.852651,126,369.176502
315.565795,129,371.330992
318.631888,131,373.453711
310.192472,129,375.532253
311.489451,125,377.524682
296.226714,126,379.542765
313.061372,125,381.534745
300.970126,126,383.550665
370.937083,146,386.005484
284.776962,114,387.843336
297.029963,118,389.746991
39.307944,25,390.15003
41.423404,25,390.551966
261.972428,119,392.459564
39.488496,25,392.861946
295.755565,121,394.826729
315.904161,134,400.65127
271.853312,121,402.751151
291.031849,127,404.955228
260.641097,114,407.05316
268.699393,119,409.035122
291.412438,120,410.984722
271.897187,115,412.868654
277.899692,112,414.796341
280.442086,117,416.852164
266.860992,113,418.669791
279.349381,125,420.659246
412.428111,157,423.14496
385.26261,149,425.533026
298.960604,121,427.462039
478.310372,179,430.414195
243.383641,111,435.572638
261.817447,124,437.67751
256.645153,107,439.409111
306.48075,127,441.471071
260.976578,117,443.377241
288.230411,125,445.452908
227.607182,99,447.117903
268.107116,123,449.101425
239.509293,112,450.895263
370.99194,145,453.226296
255.377293,111,455.033501
292.952702,132,457.166049
284.573249,124,459.217699
263.623932,117,461.095712
280.106626,144,463.470012
353.049085,136,465.697673
329.6251,164,471.746766
360.463175,141,474.014424
355.933543,172,476.919174
342.613495,142,479.221336
350.47218,141,481.487044
332.892577,144,483.794798
328.533599,142,486.103279
333.064251,133,488.26162
328.951853,148,490.688478
353.674138,138,492.893277
329.97893,148,495.286673
340.176694,141,497.546786
355.878189,138,499.820016
331.835683,143,505.498879
354.8297,137,507.780996
343.516591,147,510.189173
56.712256,31,510.689142
336.711782,136,512.849913
358.510523,142,515.250687
344.727805,134,517.464925
335.875811,134,519.639938
347.471914,136,522.005175
334.973523,134,524.200109
349.928132,134,526.360085
352.312294,137,528.534463
353.593121,136,530.699162
326.797716,128,532.732794
339.48775,131,534.985383
319.790313,127,537.025196
303.659636,124,542.416816
352.623852,132,544.663463
326.85943,126,546.814952
315.756273,126,548.90256
330.561692,128,551.135437
325.528506,129,553.159057
362.259874,136,555.428468
344.000057,131,557.540084
360.117522,135,559.739661
343.557134,132,561.986989
360.472316,135,564.114055
334.002317,130,566.431345
337.091906,130,568.451787
322.703748,130,570.649693
330.525088,131,573.032437
356.693557,135,578.527667
351.79265,133,580.909892
359.329101,134,583.46531
359.885346,134,585.627492
348.705842,134,587.92728
349.980554,135,590.011612
357.018663,139,592.270452
358.480264,137,594.489346
344.265132,133,596.779556
366.538626,140,599.017867
338.710397,136,601.25854
328.68087,132,603.409438
336.786717,137,605.615511
404.109984,155,608.075972
432.751255,162,614.18288
436.025328,162,616.858606
319.853469,132,618.972936
394.09425,149,621.392117
448.449597,168,624.089807
432.00782,164,626.932165
417.843071,160,629.524495
428.841289,162,632.102497
437.327612,163,634.702021
482.810502,177,637.547423
423.493433,160,640.175562
400.942942,155,642.688652
401.229964,153,648.571528
355.279594,142,650.864166
498.154286,180,653.75159
372.892144,151,656.211679
454.190135,171,659.149587
410.358524,169,661.882925
390.424024,154,664.363842
467.153338,171,667.093317
340.22868,143,669.36825
378.44857,152,671.896983
349.622215,142,674.179513
370.166694,148,676.626622
334.406685,141,678.875236
434.060232,158,684.875998
335.406727,143,687.193942
431.461594,164,689.970495
458.227468,169,692.723318
313.250305,126,694.758354
336.282155,140,697.05946
354.506059,146,699.560793
335.438699,137,701.87341
407.866588,154,704.395689
319.807651,128,706.464804
337.939052,138,708.697683
325.700298,131,710.851557
325.266775,130,712.964302
444.540625,152,718.607976
370.943597,146,721.427552
351.100654,140,724.101687
332.493901,131,726.600154
334.07603,131,729.090523
341.34501,137,731.746299
346.373949,136,734.449443
358.418077,142,737.332843
355.826224,140,740.09881
415.543109,153,742.832552
409.670506,152,745.283108
378.929164,145,747.699151
414.792884,151,750.340212
354.568065,138,751.724017
429.468969,157,754.239645
354.414905,139,756.485563
351.874764,137,758.710624
360.122795,142,761.011697
418.568132,153,763.565883
347.26463,136,765.814693
344.823145,134,767.969218
398.181865,149,770.414165
435.311536,154,772.906463
427.535131,151,775.570534
395.134988,144,778.239425
441.184647,156,780.985283
449.674596,162,785.929104
347.571068,135,788.320945
432.223644,155,791.0573
418.014742,153,793.627076
439.194916,156,796.248292
447.48146,158,798.88148
450.744995,159,801.558205
345.959768,135,803.751483
11.358956,11,803.939092
461.59738,161,806.6846
7.838232,9,806.838552
418.235298,150,809.431247
427.864003,156,811.982295
441.704097,157,814.559459
439.839238,162,819.585016
433.028397,153,822.178607
467.067236,166,825.242349
409.938112,153,827.812054
453.706455,164,830.524234
472.023683,173,833.348089
435.186742,159,835.981048
411.990201,149,838.570284
441.166628,169,841.334632
466.862652,170,844.164047
437.881572,161,847.038107
460.368942,166,849.783293
441.156733,160,855.144166
465.01375,172,858.230914
462.891388,170,861.167148
440.68199,162,863.827342
464.297659,167,866.618041
457.014805,171,869.616523
454.054216,172,872.403371
466.381635,172,875.229417
445.582703,167,878.006822
485.930101,182,881.123345
447.685366,167,884.117102
495.62114,181,889.562257
533.537765,191,892.786427
500.916463,185,895.966135
560.176605,205,899.45412
485.968915,178,902.391357
456.065696,163,905.110404
484.080593,176,907.999367
514.545247,181,910.981854
434.594462,156,913.651636
473.612966,172,916.615295
467.865472,174,919.471366
452.514739,153,924.678763
359.314015,154,927.442302
443.604912,169,930.46494
430.339814,159,933.085426
414.253285,157,935.66369
462.583396,178,938.677594
452.592798,169,941.464038
437.501074,172,944.345173
574.43959,218,948.019153
571.645569,204,951.389459
555.103733,207,954.78643
476.018721,206,960.86604
544.526761,208,964.458328
587.034385,202,967.811628
561.109824,210,971.29028
582.727095,205,974.733402
616.341475,235,978.639666
469.049233,170,981.423071
616.295869,218,984.997731
46.428976,30,985.476245
569.601854,209,989.06326
33.903417,25,989.479011
579.621795,219,995.927112
578.246999,215,999.647361
650.134455,228,1003.384518
571.500394,199,1006.851526
609.163597,234,1010.699656
585.669763,232,1014.499219
735.52848,291,1019.401439
572.09593,210,1022.86027
449.201339,159,1028.132526
597.163916,202,1031.423612
692.804116,266,1036.024567
606.51742,222,1039.703741
706.172265,262,1044.008477
720.355353,271,1048.580819
613.085931,230,1052.353713
571.4584,197,1055.635972
587.52585,210,1059.120973
556.226447,216,1065.852282
534.297986,197,1069.260914
584.665344,228,1073.064631
640.607497,231,1076.833426
600.364547,213,1080.438433
598.821693,213,1083.938137
628.414581,215,1087.511312
644.161678,228,1091.969978
581.631587,212,1098.28317
618.811425,229,1102.051174
554.652592,211,1105.584202
490.0629,170,1108.395712
689.78006,268,1112.946715
520.128226,202,1116.260756
511.584223,204,1119.665689
458.386383,157,1122.259312
512.766179,195,1125.79292
575.744593,249,1129.966361
687.023773,270,1137.57142
571.714698,203,1141.094446
513.714812,228,1144.874132
498.128211,220,1148.732185
583.493613,275,1153.40475
765.63152,362,1159.441426
594.303367,234,1163.368896
636.816169,237,1170.10281
829.898973,318,1175.66611
797.674486,310,1180.783492
968.152614,366,1187.11833
755.834371,276,1191.750154
702.924196,254,1196.169524
619.405636,227,1203.025726
778.806169,282,1207.847737
645.848211,223,1211.58584
681.631363,225,1215.544031
685.14582,239,1220.439278
671.898179,234,1225.149005
655.415555,221,1229.746193
533.53061,182,1233.453107
558.264959,192,1239.899125
713.881036,233,1244.736009
560.592224,197,1248.952869
678.512896,239,1253.759648
622.058363,213,1258.051439
619.022808,213,1262.458231
572.43561,203,1266.54761
672.515035,219,1273.613727
528.872019,178,1277.397945
63.381219,35,1278.141587
498.690995,166,1281.530238
524.272008,176,1285.154433
416.205938,163,1288.446717
538.127899,182,1292.197543
592.716484,208,1296.340927
585.241219,208,1300.58546
544.443128,180,1304.258781
515.478774,170,1310.794533
673.933374,264,1316.610088
361.12803,179,1320.46684
563.464924,202,1324.661299
516.160225,171,1328.279411
557.177492,194,1332.271842
428.371213,145,1335.671416
565.379694,201,1342.622111
544.497499,198,1347.390982
544.82904,176,1351.647715
679.254226,246,1357.088021
529.541042,187,1361.539017
468.923992,166,1365.368966
591.512329,203,1369.952257
518.469529,181,1376.994962
296.353535,136,1380.255196
601.931106,234,1386.179196
646.982536,251,1391.990148
510.080142,170,1395.833165
520.405022,175,1399.767093
567.371688,220,1404.916977
551.193807,212,1412.43128
721.172715,271,1418.604994
516.982591,173,1422.52739
541.363307,183,1426.329654
471.133117,156,1429.674441
429.957631,153,1432.878181
544.497742,185,1436.798965
74.571942,41,1437.633927
459.94485,153,1441.25111
666.706893,267,1449.666664
627.970776,212,1454.257545
481.985016,163,1457.919821
526.283882,188,1461.772552
514.140623,172,1465.249968
540.89409,184,1468.947713
441.009978,153,1472.251365
431.820577,150,1475.528495
461.755523,151,1478.575862
518.754629,177,1485.018731
476.259219,160,1488.519523
483.746535,165,1491.895061
513.100188,175,1495.440227
498.89953,174,1498.881111
517.162111,172,1502.435712
527.243914,183,1506.11769
527.355126,177,1509.807376
456.82677,157,1513.104556
530.896553,183,1519.306555
409.840666,143,1522.179675
525.179751,173,1525.68956
512.061445,174,1529.183991
495.634117,165,1532.585865
538.682674,178,1536.168924
482.126158,163,1539.518244
518.033575,172,1542.990659
513.559624,170,1546.473776
493.303916,166,1552.454249
510.005712,168,1555.941155
483.997187,160,1559.24275
533.634623,174,1562.81253
579.986957,194,1566.756571
509.019381,171,1570.219064
527.641104,175,1573.845214
497.20206,162,1577.25388
511.068712,167,1580.608561
573.17876,187,1586.678632
482.00708,160,1589.887711
574.749272,190,1593.80755
530.55953,179,1597.380046
484.196089,156,1600.513754
538.266947,172,1603.95838
478.517351,159,1607.152885
526.092624,173,1610.697582
502.495189,165,1614.009846
541.755094,177,1620.503754
523.569279,172,1624.124602
503.209881,168,1627.57359
525.816515,173,1631.096603
517.101928,174,1634.570496
481.484648,162,1640.470715
499.671702,165,1645.228358
539.6457,180,1649.947799
510.905587,171,1657.109094
590.355807,192,1661.442342
591.602624,192,1665.305314
489.833006,163,1668.616239
498.991185,168,1672.01249
479.633553,158,1675.151857
458.22642,153,1678.208661
461.19977,158,1681.391175
526.389164,178,1685.07246
505.951145,172,1691.370846
559.157961,186,1695.122347
457.797283,159,1698.34287
511.056992,173,1701.983825
580.351718,197,1705.916255
521.208624,173,1709.396991
558.673778,185,1713.188936
562.795754,183,1716.838193
544.213373,181,1720.429533
640.818201,209,1727.807895
569.010361,186,1731.870606
577.277578,192,1736.047872
641.509625,239,1740.91275
533.467225,174,1744.574902
594.313665,199,1748.840677
552.208581,181,1752.718098
666.234462,218,1757.221502
518.709222,168,1763.418334
511.278999,165,1766.788952
547.647471,181,1770.641146
550.797115,179,1774.345174
583.89626,197,1778.396214
537.782032,182,1782.090187
753.501875,248,1787.478636
505.034131,160,1790.809037
716.111305,234,1798.355966
725.383807,234,1803.285464
620.514839,210,1807.820221
523.009289,175,1811.357115
587.555748,200,1815.446465
536.977877,174,1819.020672
633.19809,211,1823.387866
653.997272,222,1830.547373
689.091033,231,1835.457954
778.246172,255,1840.817273
699.585059,239,1845.712188
565.359168,190,1849.64056
722.027708,247,1854.728689
673.559336,219,1859.296247
697.203529,238,1866.809449
506.989577,186,1870.715014
658.589364,220,1875.402068
700.412465,239,1880.403722
546.760076,182,1884.217374
763.534318,263,1889.611911
718.795827,237,1894.473475
692.629065,233,1901.931372
679.850095,229,1907.102847
681.65042,230,1912.056032
717.342822,246,1917.096452
576.301507,186,1920.952919
684.980643,229,1925.749651
747.40593,253,1930.984617
752.578347,246,1939.222112
724.72472,243,1943.876639
708.915367,239,1948.281755
594.956097,199,1951.719581
657.166731,225,1955.541652
566.747583,194,1958.902658
704.068734,251,1963.209407
708.077381,234,1969.85915
571.827549,187,1973.130363
608.872049,221,1977.249429
630.280042,228,1981.153368
705.082385,225,1984.975016
712.262811,240,1989.024095
548.937722,178,1992.071134
789.407598,253,1996.42692
789.507449,258,2000.908058
770.95799,249,2007.833842
727.156682,241,2012.164774
740.857257,243,2016.275687
656.879599,218,2019.99694
593.536333,198,2023.389792
591.98968,193,2026.706316
754.461948,243,2030.928361
705.536188,224,2034.732209
747.476993,256,2041.742781
567.740178,188,2045.178046
756.082557,269,2049.942615
838.513477,285,2055.038088
739.832607,247,2059.243422
786.8575,266,2063.814837
734.174747,247,2068.027961
769.84421,257,2075.018882
587.1534,198,2078.483535
863.052687,287,2083.595087
750.141861,265,2088.328071
583.549375,197,2091.778312
684.668161,222,2095.54973
650.823538,215,2099.201674
567.327905,185,2102.370823
593.395,191,2105.64883
899.52987,317,2113.799971
698.044708,223,2117.791121
650.164402,237,2121.858281
747.087757,243,2126.021496
545.148176,180,2129.32057
700.270848,225,2133.474324
591.755065,198,2136.857219
728.72837,238,2140.942899
785.663626,262,2148.232244
686.050461,222,2152.196452
584.739585,199,2155.600742
728.650742,233,2159.601547
705.722678,234,2163.617939
529.398168,178,2166.71199
725.433342,236,2170.747966
736.228867,245,2174.954557
601.563813,195,2180.985458
602.346587,201,2184.812063
647.670537,234,2188.723842
746.655826,236,2192.76654
535.131116,179,2195.816981
616.393439,201,2199.25925
578.98024,193,2202.538326
760.348372,238,2206.577093
601.744833,199,2210.02386
600.528191,192,2216.340582
751.438145,245,2220.808809
693.333622,222,2224.610491
661.649849,213,2228.246428
725.139745,238,2232.333194
661.476613,213,2235.957834
759.258199,241,2240.093136
764.901637,240,2244.175374
825.856047,288,2251.712504
727.549777,231,2255.850386
704.05466,219,2259.557461
740.549792,253,2263.855181
738.366805,230,2267.805775
739.556573,248,2272.067143
701.629628,223,2275.859703
751.75329,245,2280.118867
734.720982,229,2286.774022
732.790887,232,2290.869468
753.316655,244,2295.023486
749.409522,242,2299.181976
737.263338,251,2303.73608
660.125001,242,2307.830596
756.973631,239,2311.910411
709.230465,236,2318.602554
637.634324,205,2322.32297
711.865241,256,2326.771357
776.875573,261,2331.166801
745.846799,246,2335.288626
735.675227,260,2339.690242
752.826406,234,2343.643065
533.295144,175,2346.684853
597.748025,198,2350.280786
575.876056,187,2356.243146
677.633077,209,2359.832912
614.259094,200,2363.249906
585.337894,188,2366.39723
541.363518,174,2369.330793
746.246843,236,2373.312589
753.631572,234,2377.419702
671.664712,247,2381.622192
719.548766,226,2388.211297
757.868972,246,2392.687513
698.009053,217,2396.385128
606.096248,198,2399.739676
770.895739,249,2404.042471
747.191234,235,2408.095699
667.306098,212,2411.583534
693.730211,216,2415.187579
549.644789,177,2418.224322
724.159111,222,2424.636816
963.4003,304,2429.881457
681.047264,214,2433.515631
622.411976,198,2436.884513
737.719228,227,2440.703032
678.135118,214,2444.290668
764.701428,230,2448.121316
741.741218,227,2452.039613
723.618418,221,2458.273153
678.052232,213,2462.064748
703.389194,219,2465.748596
658.750676,207,2469.231507
668.798725,212,2472.778197
657.859447,209,2476.487684
753.616948,238,2480.420292
658.11101,208,2483.936763
629.467087,202,2487.330658
743.907071,231,2493.866251
727.09715,226,2497.858219
649.331702,206,2501.328636
610.300064,199,2504.650195
756.545991,235,2508.582134
689.389061,215,2512.216313
790.005268,249,2516.403346
708.97311,217,2520.041614
670.208878,210,2523.757852
783.48717,242,2530.59673
696.165026,214,2534.48615
712.839088,217,2539.093552
731.701769,222,2544.45249
708.845083,214,2549.703749
737.259762,222,2554.442018
629.121036,201,2558.042075
629.187984,200,2561.656217
776.334477,242,2565.686349
678.815133,213,2569.219333
664.548148,207,2572.925768
680.971793,215,2576.44668
728.46181,222,2580.129472
702.03822,216,2583.733332
729.418863,224,2587.542093
696.58285,212,2593.666304
754.710517,226,2597.930801
715.579982,218,2601.857375
777.885934,233,2606.173709
819.774688,261,2611.308849
790.288963,232,2615.223356
749.558935,224,2619.055853
697.255466,214,2622.676853
675.846493,210,2628.139643
692.103136,210,2631.66777
688.042534,212,2635.256242
782.236033,236,2639.178168
727.446676,218,2642.793658
750.79093,221,2646.518794
753.864769,224,2650.371007
656.46274,207,2653.893783
568.780593,184,2657.02507
830.738904,278,2664.891244
749.772315,225,2668.896443
776.123573,231,2673.024347
709.436068,214,2676.626443
680.168712,212,2680.264878
987.773141,316,2685.81829
807.040546,259,2690.291849
736.14712,218,2694.041407
787.763477,242,2700.94684
708.508422,213,2704.600883
726.957652,218,2708.328413
790.876001,240,2712.419816
714.338925,215,2716.085331
768.635957,231,2720.046
802.500998,239,2724.178091
748.543931,223,2728.001974
832.402435,250,2735.307332
1002.462677,304,2740.508887
730.082346,218,2744.231039
803.343327,252,2748.494576
771.281269,232,2752.468486
799.689056,246,2756.7096
815.40683,241,2760.8175
747.685733,223,2764.663292
740.489805,223,2771.287572
740.530755,222,2775.081937
830.285176,259,2779.49725
758.217573,224,2783.389762
766.554619,226,2787.342375
745.750781,222,2791.159845
768.248131,226,2795.033033
752.326203,224,2798.835792
781.102996,230,2805.628279
788.792857,232,2809.63061
749.152433,227,2813.610905
769.824198,229,2817.636454
876.745831,256,2821.941455
823.292366,241,2826.051417
973.500022,303,2831.257987
819.465839,254,2838.463083
845.947801,255,2842.884718
850.141312,246,2847.174018
1002.514319,302,2852.355554
825.832671,241,2856.471152
819.427519,250,2860.740554
803.091098,234,2864.775814
947.623632,296,2869.822536
796.43833,234,2876.629313
954.701315,296,2881.712928
862.460125,268,2886.303802
963.335016,301,2891.609831
814.314882,260,2896.167424
996.246971,300,2901.384293
920.562774,289,2909.451767
861.712754,251,2913.759396
824.407261,248,2917.983778
1102.667182,323,2923.532561
934.206165,295,2928.587204
1003.351024,305,2933.808005
975.255657,299,2939.040014
1030.952184,305,2949.428725
1073.61471,317,2955.429029
773.072815,227,2959.343458
877.395642,254,2963.864612
745.720586,217,2967.563682
675.408947,205,2971.11892
753.643714,221,2974.945918
810.91189,237,2982.021772
826.760503,261,2986.621252
849.107791,260,2991.134311
1036.520781,315,2996.543433
765.969966,258,3000.92283
827.115549,252,3005.485651
855.36751,270,3012.806377
704.310969,218,3016.673568
824.352419,262,3021.182414
756.481274,224,3025.065849
992.099582,306,3030.254134
827.307932,253,3034.656238
788.40221,242,3038.902994
967.059066,304,3044.002952
1006.89677,316,3052.208254
843.633309,263,3056.969075
839.025942,254,3061.394693
1015.552992,320,3066.832432
763.353823,229,3070.733622
859.748967,267,3075.295872
839.728734,255,3079.65244
817.379878,241,3086.700519
827.44585,262,3091.317852
827.790619,259,3095.727025
822.898752,264,3100.252218
1017.964175,316,3105.718552
823.501472,249,3109.987538
857.073751,263,3114.832472
925.807187,295,3122.589191
737.637168,227,3126.818064
819.693393,235,3130.897552
676.41477,204,3134.394246
856.715166,266,3138.918908
790.226762,247,3143.183658
676.169875,205,3146.683678
857.857699,269,3153.982092
809.228914,253,3158.309274
757.92582,222,3162.286167
703.397867,216,3165.979402
815.879641,241,3170.107758
820.001309,263,3174.598529
684.795133,205,3178.092316
834.165892,266,3182.66091
783.866784,233,3189.455125
758.719901,219,3193.341801
646.24966,197,3196.902311
825.050415,250,3201.166679
687.673101,208,3204.773317
749.083684,223,3208.583815
697.517711,210,3212.184871
751.629272,220,3215.958889
1036.302344,310,3223.771396
825.854797,256,3228.107188
827.883297,244,3232.389079
874.499518,257,3236.91345
855.194688,241,3241.131658
683.217187,204,3244.800087
724.911397,219,3248.753772
814.324894,243,3252.951644
775.646628,226,3259.631226
725.169953,212,3263.503995
792.108605,231,3267.618425
698.8043,213,3271.223868
708.389424,215,3274.859292
727.321122,220,3278.645303
749.932771,221,3282.373745
882.16132,274,3287.212229
832.113461,238,3293.664784
993.640594,303,3299.010547
699.289674,213,3302.587522
795.130845,228,3306.430973
757.113745,223,3310.139299
759.464061,224,3313.909365
1080.800078,321,3319.212411
848.701276,254,3323.470323
917.754048,264,3330.798462
1085.074103,323,3336.393903
803.031792,231,3340.264009
881.293902,266,3344.732128
805.058001,232,3348.600746
818.897932,245,3352.668221
741.355286,216,3356.312294
829.167657,241,3362.795511
1033.299698,305,3367.966762
976.106154,292,3372.929503
910.885049,272,3377.485246
1032.507692,309,3382.672713
900.393945,277,3387.366258
837.306345,252,3391.584486
917.986967,281,3399.065442
757.98118,224,3403.140564
731.560225,217,3406.884232
909.620593,272,3411.35948
1098.419907,320,3416.728648
797.314388,232,3420.671505
975.550635,294,3425.601388
873.429073,274,3432.702608
1054.51972,315,3438.144717
820.352971,248,3442.501847
1039.968589,302,3447.694287
869.881036,255,3451.982174
1113.419733,327,3457.423668
1142.943602,335,3463.060988
875.872195,267,3470.523998
1062.837203,303,3475.776392
1107.682173,325,3481.224626
1129.801678,334,3486.8124
1355.971926,418,3493.953634
954.907132,292,3498.814642
825.370927,241,3505.353944
1160.243935,333,3511.011865
1080.633648,327,3516.470782
1125.699641,324,3521.868006
1164.258339,352,3527.755115
925.462933,274,3532.358034
1149.794741,337,3541.194304
1334.969256,391,3547.755883
673.896725,205,3551.265692
909.474838,266,3556.088227
1150.274504,332,3561.699053
1026.409867,312,3566.992575
1118.441745,326,3575.121536
1187.429919,348,3581.041019
664.928143,201,3584.417527
1097.29503,319,3590.032525
1168.694624,341,3595.668308
846.739149,254,3599.977576
942.20761,278,3607.268718
1124.680206,327,3613.458825
1255.392316,373,3619.631702
1419.206661,415,3626.623621
1027.535618,300,3631.686711
1112.262275,320,3637.084529
957.836512,289,3644.655791
1124.199082,330,3650.24005
1211.54742,362,3656.301405
1184.537605,352,3662.161207
800.182003,235,3666.060097
1429.99268,424,3675.779252
1155.194917,337,3681.692492
1115.362793,322,3687.085507
890.386341,259,3691.430925
1116.582322,316,3696.689859
1117.598977,320,3702.041575
1046.191638,307,3707.388894
1168.876785,339,3715.810167
1073.823538,320,3721.525181
1196.405995,347,3728.231388
1472.676676,427,3736.010936
1008.289062,293,3741.341589
1012.016045,303,3746.874201
1145.946053,330,3752.420366
1608.906845,468,3760.238611
1664.55095,485,3768.304673
1038.870044,305,3773.500481
946.178277,276,3778.564867
1206.150777,356,3785.061401
1469.476673,429,3792.912103
1174.57067,336,3799.185936
1356.819327,395,3808.786681
1118.673534,317,3814.58743
1618.592948,481,3823.237581
1249.994371,366,3829.635727
214.000189,98,3831.272998
1215.39822,358,3837.287387
1173.547304,342,3844.423849
1165.476241,340,3850.119616
1163.912583,334,3855.84683
1290.635744,368,3862.093451
1657.35471,475,3870.119623
1667.164979,489,3881.538155
195.2015,93,3883.119103
768.302679,221,3886.95121
1316.974863,382,3893.571138
1669.28723,483,3901.887765
1254.909392,360,3908.104377
1202.694377,345,3916.083047
1488.240471,500,3924.448811
1489.166608,500,3932.882486
1498.718864,500,3941.282596
1468.15558,500,3952.527499
197.048721,93,3954.083108
1459.51652,500,3962.507765
1510.61037,500,3970.901078
1460.184292,500,3981.873067
1458.922362,500,3990.522339
887.875986,251,3994.764842
752.751054,223,3998.968638
950.646109,275,4003.569306
902.533222,259,4007.904385
929.379959,264,4012.355299
1526.486118,500,4024.094716
1583.990804,500,4032.605903
1067.895605,308,4037.81633
1504.348208,500,4046.272402
1478.043767,500,4057.507152
1257.872013,352,4063.429056
1464.583843,500,4071.881749
1611.680035,500,4080.457191
1220.251972,350,4089.293041
1509.756137,500,4097.706739
1496.483724,500,4106.16206
1449.450696,500,4114.605813
1580.997114,500,4125.85291
938.04466,266,4130.305097
1482.947921,500,4138.806518
1507.01525,500,4147.232107
1458.33646,500,4158.64083
1518.051943,500,4167.060966
1196.490051,343,4172.847679
1447.841382,500,4181.715275
1228.373735,356,4187.950184
1192.314282,340,4196.576693
1597.786126,500,4204.958066
1638.584213,500,4213.663612
1544.295693,500,4222.078727
1530.741599,500,4233.484068
1540.580533,500,4241.909086
1164.485408,324,4247.38097
1445.752453,405,4254.139398
953.554232,269,4261.511432
1588.127649,500,4270.02769
1531.345977,500,4278.380716
1517.481694,500,4286.787326
1440.118116,500,4298.121523
1114.289515,319,4303.570205
1546.291028,500,4311.972087
1620.876999,500,4320.452344
1538.612863,500,4331.696167
1620.313752,500,4340.63332
1438.762336,500,4350.304474
1523.45033,500,4360.578589
1477.324188,500,4373.715642
1596.050925,500,4383.789524
1519.024226,500,4393.706041
1600.753368,500,4407.463012
1642.425842,500,4416.416015
1538.01815,500,4425.180192
1499.902699,500,4436.372247
1447.959147,500,4445.246653
1452.560511,500,4453.918458
1288.004302,413,4461.244523
1486.326913,500,4472.438905
1530.269529,500,4481.228698
1585.296363,500,4490.04293
1571.28212,500,4498.552489
1668.84117,500,4509.93436
1663.523778,500,4518.799493
1422.371917,500,4527.341997
1521.577585,500,4536.126118
1549.112018,500,4547.467692
1548.023152,500,4556.294438
1512.841854,500,4564.901926
1555.874927,500,4576.041527
687.403814,208,4579.747666
1628.207672,500,4588.623313
1545.83682,500,4597.226328
1628.609305,500,4605.821882
800.910239,235,4612.423949
815.129314,234,4616.7333
756.015237,220,4620.670954
1648.560184,500,4629.282629
766.821206,226,4633.192683
1641.880903,500,4641.766902
773.67247,226,4648.218242
1629.282627,500,4656.827251
1679.092036,500,4665.395354
1661.156167,500,4673.958039
736.632042,218,4680.656626
706.360697,213,4684.338963
949.32845,265,4689.102684
967.292225,282,4693.964648
709.305503,213,4697.587988
669.377445,205,4701.217653
953.116166,266,4706.319268
723.249341,216,4710.12056
828.748992,237,4716.865029
974.928683,278,4722.269143
884.284902,251,4726.870992
1029.771715,292,4731.892727
740.034746,218,4735.582585
750.099524,222,4739.706367
613.825714,188,4743.546217
1145.22023,321,4751.070396
726.868932,218,4755.535718
751.099788,221,4759.590633
979.588963,280,4764.630067
744.206035,219,4768.71606
871.961455,249,4773.393614
830.683965,238,4777.984255
1615.723189,500,4788.124861
801.656922,232,10210.859404
793.699578,230,10213.414444
764.939653,225,10215.896871
789.464635,230,10218.504847
763.652948,225,10220.80904
844.369385,240,10223.170221
793.00671,230,10225.245501
789.441744,230,10227.559057
817.15775,234,10229.736152
798.887717,231,10231.978803
784.324344,229,10234.171198
819.889517,235,10236.485108
770.238044,226,10238.71048
771.098239,226,10240.845288
819.31474,235,10243.087756
844.685076,240,10245.413207
819.801675,235,10247.752114
847.12985,241,10249.98787
778.996945,228,10252.386431
789.349128,230,10254.473528
837.377857,238,10255.127961
833.297652,238,10255.544959
776.176159,227,10255.931182
837.472459,238,10256.25983
766.266662,225,10256.642929
798.615801,231,10256.966045
836.974403,238,10257.318627
793.623434,230,10257.679435
814.09919,233,10258.056211
820.195201,235,10258.422958
808.530998,232,10258.821271
793.1575,230,10259.190616
794.95576,231,10259.579371
777.854325,227,10259.942697
747.004189,222,10260.241379
793.730757,231,10260.628781
817.784926,234,10261.068723
836.791754,238,10261.469295
765.105084,225,10261.840698
800.212642,232,10262.208789
817.767277,235,10262.585371
815.279057,234,10262.983727
764.049379,225,10263.346533
782.5625,228,10263.716432
799.287538,231,10264.079225
763.845941,225,10264.443192
800.675957,232,10264.841047
799.512034,231,10265.207533
808.829388,233,10265.585683
798.2058,231,10265.956535
794.979534,231,10266.32073
778.902223,228,10266.677598
819.666068,235,10267.06824
819.582979,235,10267.44833
757.607446,224,10267.796347
811.474992,233,10268.167016
775.422695,227,10268.541631
771.852847,226,10268.920767
827.433884,236,10269.290435
811.703819,233,10269.662874
776.850171,227,10270.026242
766.768298,226,10270.384287
789.592091,230,10270.790608
779.26531,228,10271.24061
798.545684,231,10271.641837
799.428821,231,10272.023639
793.202535,230,10272.416517
815.698894,234,10272.795609
794.028752,231,10273.136185
765.145511,225,10273.481441
787.756885,229,10273.844503
809.966331,233,10274.210296
796.208782,231,10274.581728
779.287213,228,10274.962615
801.120262,231,10275.352605
766.598796,226,10275.728697
774.00113,226,10276.09644
826.562404,236,10276.538449
804.739293,232,10276.91308
798.385848,231,10277.308759
841.570302,239,10277.698031
827.715572,237,10278.081596
765.485778,225,10278.448814
841.996627,241,10278.82607
833.313224,238,10279.196936
804.931781,232,10279.598296
766.253242,225,10279.92941
828.007773,237,10280.258276
821.028053,235,10280.587188
779.312555,228,10280.949645
828.680626,237,10281.268313
793.312953,230,10281.603396
765.665698,225,10281.923043
794.603402,230,10282.230028
804.786786,232,10282.599162
794.028966,230,10282.925417
775.040758,227,10283.233618
775.337248,227,10283.61194
775.533626,227,10283.921892
780.723253,228,10284.249321
