#{"t_start": 1736687694.3154206, "env_id": "CustomHopper-target-v0"}
r,l,t
15.877949,20,4690.283457
17.981749,26,4690.31448
23.475026,30,4690.338588
14.994779,25,4690.358018
13.825739,17,4690.643038
18.012052,27,4691.056792
14.286,16,4691.303169
11.06315,15,4691.513971
10.951728,16,4691.73795
8.673315,35,4692.215789
8.541076,15,4692.411302
7.362277,13,4692.58202
12.717275,16,4692.822454
9.961753,12,4693.023161
8.092552,10,4693.305217
20.081747,38,4693.934006
15.373158,23,4694.356022
13.107629,15,4694.586341
19.668143,22,4694.927028
15.418015,14,4695.133848
3.892565,19,4695.414434
9.052682,15,4695.627988
44.899239,51,4696.357318
105.259752,90,4697.646607
10.428845,13,4697.847459
10.325872,12,4698.007701
44.983639,43,4698.595175
28.845937,27,4698.960179
11.101348,18,4699.207835
27.277979,45,4699.840976
53.24317,51,4700.570749
23.325523,30,4701.021952
55.725815,33,4701.599181
52.732294,32,4702.123902
77.859365,49,4702.825641
147.566553,90,4704.260122
70.245516,42,4705.016522
126.284241,78,4706.57848
201.822023,93,4712.029451
182.076927,85,4713.761404
229.044295,114,4716.112695
132.10348,80,4717.585841
194.648001,89,4719.389897
197.432797,89,4721.045937
186.427122,96,4722.816323
212.232963,97,4724.710407
194.646359,89,4726.426089
167.099816,79,4727.853791
205.496687,110,4729.870822
173.192695,81,4731.419615
206.348503,92,4733.162568
203.152337,92,4734.807945
214.344775,96,4736.443087
204.621001,90,4738.207259
213.357884,93,4739.91198
51.741283,31,4740.425778
208.560289,93,4741.944633
196.641342,90,4746.964277
216.456409,94,4748.689783
205.655158,90,4750.353821
185.115746,85,4752.127291
210.189271,93,4753.662587
201.812086,89,4755.37081
205.397942,91,4756.91778
201.940055,89,4758.718725
207.855437,94,4760.47557
217.908158,95,4762.193897
190.615773,85,4763.899236
52.444077,31,4764.399601
205.049424,91,4766.05866
190.06983,85,4767.579506
187.599244,83,4768.980449
190.954766,86,4770.645148
197.296938,88,4772.187905
199.488803,88,4773.699742
209.024815,91,4775.435781
191.643178,87,4777.21279
197.952765,87,4782.4107
194.241454,87,4784.405343
211.505052,93,4786.068512
204.14419,91,4787.782113
215.727998,93,4789.514391
220.286321,96,4791.359953
191.397502,86,4792.753917
190.628804,85,4794.576759
201.932931,87,4796.251216
196.243545,88,4797.70316
200.718293,87,4799.480885
199.873389,88,4801.019342
207.567376,91,4802.611972
197.363212,88,4804.289209
194.579513,87,4806.096765
197.552982,87,4807.556888
204.117454,90,4809.475824
211.216021,92,4811.189997
201.00244,91,4812.798063
202.806386,89,4814.274757
206.010219,89,4819.118613
206.816909,89,4820.791193
193.29564,88,4822.452252
206.988045,99,4824.346625
207.89962,91,4825.993736
209.265922,92,4827.823416
211.744717,91,4829.524899
292.466763,172,4832.682071
211.254727,93,4834.743309
205.45555,91,4836.432658
229.177696,117,4838.644951
206.827315,91,4840.246947
212.620671,94,4842.161182
211.00742,93,4843.6189
211.759563,92,4845.257194
207.516143,90,4846.750995
243.192303,120,4849.606905
244.448053,122,4855.857192
218.431803,99,4858.121177
210.488067,93,4860.136889
206.52992,91,4862.080998
213.721202,94,4863.789689
216.42139,94,4865.725672
215.398758,92,4868.273082
214.781351,94,4871.756621
212.422802,93,4873.633015
203.877569,91,4876.298936
212.259612,91,4878.3242
220.274536,96,4879.993537
209.807201,91,4881.515433
210.115966,92,4883.121171
212.973836,91,4884.820251
214.966379,94,4890.022895
218.176308,95,4892.004531
211.857268,91,4893.827833
215.423377,95,4895.566553
204.875711,94,4897.46918
217.681795,95,4899.288189
216.917113,97,4902.220202
216.565497,96,4904.401282
213.240947,94,4906.05522
215.482263,94,4907.511783
219.054869,98,4909.199649
216.599143,95,4910.704017
219.661886,97,4912.306305
216.285556,96,4913.931523
220.399257,99,4915.439015
207.084723,90,4917.046605
205.577536,92,4918.444573
218.788034,96,4920.09234
199.412892,91,4924.779599
219.156903,96,4926.410273
223.294362,98,4928.103526
224.462518,100,4929.690881
222.897058,97,4931.464528
218.095507,94,4933.107344
222.118835,98,4934.849859
216.232049,94,4936.368704
214.337185,90,4937.935751
218.240246,95,4939.59003
214.201269,92,4941.66856
214.506777,92,4943.734661
214.582504,94,4945.766192
243.715967,121,4948.046709
220.230823,98,4949.662195
216.519936,94,4951.257957
218.840155,96,4952.870096
215.312763,94,4954.64298
255.919365,175,4960.947166
214.681817,92,4962.763585
213.577361,98,4964.630659
215.212729,96,4966.399147
209.545606,93,4968.137516
219.966997,99,4969.882977
215.797879,95,4971.543767
226.664971,104,4973.699611
216.074105,97,4975.540764
224.766255,104,4977.727706
215.990096,96,4979.677192
214.708335,92,4981.456779
216.042198,96,4983.334515
221.07076,97,4985.147349
224.524467,100,4986.799051
215.729193,94,4988.724779
212.585543,94,4990.805992
220.90139,98,4996.477251
220.794762,97,4998.251338
218.384136,96,5000.111735
219.188351,97,5001.890471
216.306595,95,5003.695721
217.385119,97,5005.430694
205.974734,97,5007.951601
219.417749,99,5009.959669
185.007125,86,5011.645155
228.433427,104,5013.648975
224.743977,103,5015.654584
208.679639,98,5017.382068
200.98687,94,5019.154105
221.337874,100,5021.361661
224.648052,102,5023.511143
195.422277,93,5025.074188
200.931018,95,5026.993912
213.469474,95,5032.300496
214.937716,97,5034.249393
207.383858,92,5035.925152
205.858104,93,5037.407732
224.731233,102,5039.529352
219.988419,97,5041.329503
199.412734,90,5042.888119
189.092307,86,5044.602818
202.685589,90,5046.404441
214.015305,95,5048.130907
221.439536,100,5050.072918
223.464242,100,5051.908386
210.741953,97,5053.846582
220.608675,99,5055.844886
218.419745,97,5057.558034
200.675926,91,5059.321755
228.349792,105,5061.428493
224.044227,101,5066.751291
224.156419,100,5068.747478
222.520252,101,5070.50387
207.087793,91,5072.010996
204.492803,96,5073.972424
209.504071,96,5075.779272
203.197344,91,5077.490121
197.042658,90,5079.393209
202.007388,93,5081.059529
210.052246,95,5083.251967
204.686944,95,5084.82623
215.656034,96,5088.934755
213.41582,95,5096.402391
223.748934,104,5102.824468
225.109574,101,5105.183636
193.472514,97,5107.20868
207.447331,97,5109.792197
217.614388,98,5111.468784
217.817449,98,5113.394432
237.677115,113,5115.240282
218.252227,101,5118.189119
231.281265,107,5120.146904
233.523645,110,5122.280748
233.98224,109,5124.579802
236.446463,113,5127.010141
238.8959,108,5129.277469
245.503348,118,5131.805545
237.08464,107,5133.897485
237.498177,115,5139.550534
230.527801,112,5141.942122
5.428647,7,5142.08029
53.147335,57,5143.306292
52.488978,57,5144.452336
253.000783,125,5147.155757
7.204684,9,5147.341434
250.555635,114,5149.445012
232.142999,111,5151.713684
279.260406,134,5154.214381
191.19673,143,5156.924555
199.815946,96,5158.424431
55.201981,80,5159.739928
54.527247,62,5160.992672
72.189984,76,5162.552822
39.037371,52,5163.527994
40.399698,71,5164.781517
54.80493,61,5165.710988
73.642841,95,5167.263643
46.852368,55,5168.215591
132.825576,150,5174.428409
318.558369,294,5180.03306
144.915547,87,5181.59645
178.52917,112,5183.869923
144.971263,85,5185.571352
193.601105,115,5187.434607
312.412994,174,5190.453763
196.038082,107,5192.490388
160.332402,96,5194.47801
186.842866,110,5196.583178
306.012828,153,5198.982153
157.955066,97,5200.989095
318.125249,165,5204.117049
220.425333,130,5209.81615
229.481641,142,5212.599294
194.555224,108,5214.981839
296.510646,173,5218.814102
273.668661,131,5221.092099
307.407813,149,5223.599208
272.202568,128,5225.870065
253.042333,164,5228.887457
304.423593,219,5232.780379
240.089714,160,5236.066428
180.012012,121,5238.211526
307.52627,227,5245.850123
398.695335,324,5251.966047
213.636618,141,5254.824002
372.092738,318,5260.682417
556.849299,500,5269.825865
574.321958,500,5282.0053
509.133165,323,5288.072102
530.386586,349,5294.777425
561.310243,487,5303.969414
414.088013,348,5310.272935
564.385177,500,5322.071392
414.491281,357,5329.929171
566.125263,500,5339.68666
561.252978,500,5351.885819
563.779147,500,5362.574829
571.706222,500,5372.993669
564.248274,500,5388.145684
566.624044,500,5398.448432
539.201351,500,5409.699511
562.313824,500,5423.520395
533.913289,500,5433.812121
543.731149,500,5442.539034
342.387522,307,5447.735099
540.583833,448,5458.450042
458.296077,229,5462.686977
493.936943,227,5466.983625
703.535317,370,5475.204631
492.278773,296,5482.412621
395.315483,194,5485.794751
420.639808,218,5492.825782
393.931144,202,5496.333119
495.005204,267,5500.995684
454.586444,251,5505.537008
447.115224,204,5509.067757
353.255864,178,5512.023419
363.775714,187,5516.210024
535.546581,341,5523.092703
553.219328,348,5533.156608
498.372045,317,5539.243109
506.605517,250,5543.726364
437.096861,254,5548.129141
429.897254,200,5551.511422
561.100765,326,5557.301827
375.806185,186,5563.936712
575.108924,335,5569.764693
262.048995,186,5573.020783
521.186806,305,5578.276677
488.233135,298,5583.461812
407.303219,227,5587.667007
527.523487,341,5593.893024
381.621844,171,5600.507833
417.81034,233,5604.646915
364.440983,172,5607.992701
379.759805,185,5611.640217
408.04717,224,5615.670862
383.134822,202,5619.729164
371.886355,173,5623.489686
362.219021,170,5626.822256
374.931092,193,5630.432492
342.734092,163,5636.967211
365.106999,173,5640.422335
9.971952,10,5640.612608
249.977448,272,5645.63311
499.375102,319,5651.286781
405.64555,226,5655.026097
354.425712,176,5658.48086
380.957427,201,5661.866062
423.752002,204,5665.387434
405.349397,198,5672.180896
383.742307,202,5676.138796
376.33204,187,5679.433829
372.296988,186,5682.586839
388.922501,193,5685.794017
359.694164,175,5688.680244
359.279251,175,5691.595263
367.25514,180,5694.651766
371.075663,184,5697.742267
361.882187,177,5700.742458
369.705584,188,5707.272879
362.796366,181,5710.215782
362.623356,178,5713.249954
348.058746,164,5716.107356
358.263767,176,5719.10689
360.424624,168,5721.914057
364.447583,179,5724.848431
366.44898,175,5727.831
364.319501,185,5730.933087
360.892722,182,5734.020305
351.682042,174,5736.94978
350.206057,165,5743.045668
359.186025,180,5746.011458
347.73783,165,5748.873566
353.457065,174,5751.878272
351.943659,170,5754.704051
352.757565,171,5757.451824
349.475378,165,5760.198121
350.691458,168,5763.060775
352.579927,167,5765.884475
357.075341,165,5768.521617
332.597424,153,5771.078728
346.917087,163,5777.175326
322.074043,151,5779.880922
344.560844,163,5782.496742
327.696978,156,5785.117808
252.772813,128,5787.382534
332.721189,160,5789.975107
323.345159,154,5792.489739
313.28694,156,5795.228998
321.240046,156,5797.906151
329.967511,162,5800.490922
357.221318,174,5803.358454
336.920975,159,5806.163954
346.461677,162,5812.262973
368.004762,154,5814.785464
381.439351,160,5817.511889
358.804808,157,5820.254732
368.499564,170,5823.003079
350.58387,167,5825.770524
409.42348,178,5828.740403
387.848296,163,5831.500586
295.669049,137,5833.860599
341.974187,147,5836.224172
381.484791,159,5838.907055
329.741251,142,5841.39044
349.378629,154,5843.980058
335.068003,158,5850.044113
385.86516,165,5852.846858
280.412567,134,5855.079551
290.850198,135,5857.280909
351.897159,154,5859.945967
303.700871,134,5862.170186
353.496632,150,5864.579766
308.412951,136,5867.00658
382.980774,160,5869.67032
380.709411,154,5872.153195
381.879318,162,5874.969066
338.029455,145,5877.516784
336.58276,152,5880.007637
385.590609,158,5886.151593
395.003493,158,5888.898702
362.97833,146,5891.548709
357.154483,150,5894.100171
389.731095,156,5896.736898
396.477867,159,5899.508789
379.176047,154,5902.089056
384.853979,157,5904.622344
400.821539,162,5907.547718
396.944598,160,5910.286834
396.379905,161,5913.156389
407.36765,163,5919.258528
396.370034,160,5922.090842
391.64062,158,5925.061481
381.974689,153,5927.967611
394.944449,157,5930.58262
388.885766,160,5933.338349
384.557209,160,5936.057942
399.142617,161,5938.76312
390.910667,158,5941.30457
390.452381,154,5943.901936
406.41511,161,5946.691812
399.204573,159,5949.729661
416.90032,165,5956.37676
400.649518,166,5959.328961
377.808757,156,5962.014246
386.693524,159,5964.829414
395.429416,156,5967.422757
403.138584,162,5970.068925
389.198672,156,5972.689922
400.316627,157,5975.740543
402.363614,166,5978.883488
403.634789,162,5982.106358
409.588784,159,5984.695035
402.49773,165,5991.412911
392.652635,158,5994.116808
410.207756,160,5997.098036
391.100881,160,6000.056305
401.617163,160,6002.769435
353.866551,148,6005.587
396.842948,160,6008.494018
380.763588,159,6011.715191
389.788989,161,6014.912539
409.341919,166,6018.229725
402.65582,159,6021.079731
384.861938,162,6027.873264
402.747582,165,6031.065604
397.884127,163,6034.20682
389.092499,160,6037.113269
369.935004,152,6039.978386
346.408895,149,6043.115732
356.8658,153,6046.061325
346.256825,148,6049.19503
374.221111,159,6051.997478
356.405432,151,6054.608059
388.62273,158,6057.225031
365.632159,153,6063.19965
345.624169,146,6065.649399
315.719816,138,6068.268696
318.640963,141,6070.974904
340.288383,151,6073.725324
398.967297,158,6076.450791
326.35638,145,6079.074446
328.945803,151,6081.989021
386.981213,155,6085.040483
411.565622,167,6088.426112
399.793758,165,6091.514803
300.789001,133,6093.765251
373.594858,149,6099.939516
365.165086,146,6103.182005
360.715478,148,6106.552585
354.90595,144,6109.545741
374.02848,151,6112.342655
450.963535,174,6115.405778
383.752646,153,6118.245465
342.674831,147,6121.152787
330.518252,138,6123.786411
424.958566,167,6127.366939
378.972113,154,6133.754703
350.907067,141,6136.529045
356.421543,147,6139.57949
312.884353,139,6142.142992
349.486931,143,6145.320805
294.216967,131,6148.003062
416.17974,162,6151.030087
355.812398,142,6153.791299
370.082883,145,6156.335287
386.596615,149,6158.877835
394.503891,150,6161.904245
419.165237,155,6164.842765
402.74791,149,6170.844844
416.554427,153,6173.745312
394.243613,144,6176.67356
384.945829,146,6179.442073
381.551968,150,6182.377099
341.996332,139,6185.070226
394.742679,146,6187.739916
381.253186,143,6190.110023
391.28117,147,6192.664788
348.383567,133,6194.994689
311.364387,132,6197.132021
423.221755,154,6199.73364
558.57665,194,6206.802998
396.135701,163,6210.294438
376.905881,150,6213.207825
379.819551,153,6216.17355
420.076698,153,6219.030527
308.446832,132,6221.566605
425.344573,159,6224.445856
314.333707,136,6227.40476
308.078659,128,6229.750389
481.009328,170,6232.958256
351.13251,144,6235.580865
376.835793,148,6241.803349
379.55808,145,6244.46236
360.752556,150,6247.37837
626.086112,201,6251.100632
379.018829,144,6254.011123
407.281782,155,6257.289522
374.992591,149,6260.450133
521.726594,190,6264.502673
366.711507,147,6267.885349
384.910567,149,6270.938729
359.087284,147,6277.121058
356.697916,148,6279.918231
361.719614,145,6282.709031
679.25621,226,6287.284244
547.31807,196,6291.327871
536.473272,180,6294.884555
393.221093,148,6297.440113
267.719784,115,6299.482722
398.90047,151,6301.953608
379.848305,145,6304.45015
541.63694,192,6311.166743
358.176195,140,6313.61875
375.375006,144,6316.091217
363.965941,152,6318.806466
299.294583,130,6321.222475
358.265488,140,6323.712918
476.215926,186,6326.99758
510.21505,186,6330.542761
193.306061,98,6332.425535
228.00346,109,6334.33931
694.339784,216,6338.260964
687.727587,237,6342.560819
386.588922,164,6348.91627
672.543774,221,6353.050405
712.359309,234,6357.445907
606.027564,204,6361.094174
321.498931,132,6363.418563
590.330281,219,6367.322631
710.633825,245,6372.799435
329.121481,142,6375.446557
310.155194,156,6378.230359
349.814167,161,6384.671547
336.141587,164,6387.660106
624.3591,234,6391.920452
292.035243,150,6394.635943
248.563502,142,6397.212534
339.105717,170,6400.667297
320.967258,202,6405.427423
247.006138,135,6409.516398
235.314682,140,6412.523455
232.639746,153,6418.645194
264.380766,157,6421.493302
220.549718,160,6424.874656
204.619851,135,6427.655847
177.235398,139,6430.516906
240.155126,157,6433.875021
159.135375,126,6436.510415
157.615297,116,6438.887547
99.450038,86,6440.637791
208.465779,150,6443.380066
120.18694,97,6445.126095
180.677648,135,6447.91482
216.291818,141,6454.05659
103.959064,85,6455.803686
121.924334,89,6457.457172
138.115435,120,6459.739501
191.198046,124,6461.867772
123.626542,91,6463.560705
111.188802,92,6465.214692
118.081719,93,6466.921162
277.732095,203,6470.652388
368.271528,261,6475.898126
152.411366,126,6478.361771
161.989231,126,6481.014951
171.68765,136,6483.722069
576.927,219,6491.299027
755.275297,262,6496.01751
354.454092,216,6500.173882
159.1591,116,6502.352994
199.579951,145,6505.023085
188.625746,141,6507.613468
505.185403,284,6512.689208
1129.847863,409,6525.305943
1090.883876,436,6536.428302
1212.270802,436,6545.910705
45.76477,35,6546.676027
948.729366,347,6553.285156
753.523476,265,6561.218604
865.350928,322,6567.038822
736.08398,276,6572.424744
666.4375,226,6576.586571
771.52907,270,6581.598023
667.71749,244,6585.835968
840.905809,291,6590.882888
928.006272,312,6599.461369
570.607875,230,6603.440288
935.472786,332,6610.680949
816.846061,291,6619.454351
1240.837725,500,6633.061411
953.158242,329,6640.090889
563.639828,233,6645.200536
285.40355,134,6647.723276
1330.726205,468,6656.968925
1124.910211,394,6667.501677
329.847603,149,6670.386733
1260.834048,500,6681.049136
938.284116,346,6689.433936
1394.476118,500,6702.96389
576.150283,276,6708.846992
315.85975,152,6711.808003
1389.584868,500,6721.012407
863.476975,261,6725.692787
372.724585,169,6728.817911
329.245967,153,6731.653766
338.149314,171,6737.628124
314.518021,138,6740.003947
932.089993,288,6745.408826
463.008009,202,6748.984087
324.035398,153,6751.549206
42.976003,29,6752.125597
44.263679,30,6752.687746
363.432277,193,6756.087435
32.762872,24,6756.528626
343.574811,162,6759.188788
775.736467,250,6763.599893
972.905459,379,6773.247443
408.253163,140,6775.654124
682.433515,220,6779.405466
970.369198,316,6784.930131
818.118127,282,6789.733138
611.196899,212,6793.394851
611.984054,222,6797.151991
1329.409192,472,6808.942208
896.844584,289,6814.252045
874.840848,300,6819.614631
851.513155,319,6825.173149
905.803999,292,6831.09785
855.791004,286,6836.238253
777.87518,260,6844.168869
838.461647,285,6849.161296
1021.386808,351,6855.280154
922.906337,305,6860.511382
592.132799,207,6864.137502
900.465954,293,6869.240767
1051.181363,350,6878.670267
1054.402584,332,6884.503506
809.203535,257,6889.016976
776.285824,246,6893.33655
854.517025,270,6898.01784
1034.508442,341,6903.85325
1266.584998,413,6914.328765
885.111092,286,6919.432485
1106.133506,366,6925.787122
1095.214239,358,6931.828708
815.01886,276,6936.647414
689.221661,229,6940.569206
1025.917655,322,6946.010808
828.235271,264,6954.027641
756.439518,243,6958.322231
856.216512,254,6962.759082
1063.082239,345,6968.793082
776.309477,281,6974.010877
612.697294,211,6979.204902
917.677216,306,6990.972445
909.404908,306,6997.303668
721.50172,238,7001.679587
833.698557,280,7006.579182
1109.700923,357,7012.629906
911.901323,296,7021.249113
1340.957663,434,7028.782224
1423.363569,500,7037.355974
1565.638932,500,7046.109999
1126.552046,350,7052.544106
860.188472,260,7060.586257
866.236874,275,7065.541543
907.320853,281,7070.564119
581.22084,202,7074.171952
860.326535,264,7079.039089
195.689765,89,7080.670913
192.242297,89,7082.50665
585.660984,200,7086.195433
765.335725,272,7094.852503
752.496231,243,7099.429051
567.994209,200,7103.523682
634.095896,215,7108.008667
383.097346,147,7110.675574
910.488592,281,7115.846805
798.548369,253,7120.413053
1198.735464,375,7130.984355
742.976116,246,7136.385204
1452.104292,500,7145.565486
1387.536264,500,7155.34181
1149.036298,363,7166.083251
1339.232158,500,7175.309337
1343.371647,448,7183.665911
1374.134845,500,7194.524515
768.628117,317,7204.688675
1343.408594,500,7215.011835
360.120451,155,7218.037091
766.13426,310,7223.764608
1310.636014,500,7238.689823
351.098822,159,7244.781035
1318.728301,500,7254.998332
1346.995749,500,7265.026346
1317.353421,500,7278.915105
1254.549776,500,7288.306811
1281.355886,500,7297.357171
1356.705034,500,7310.075776
339.327828,150,7312.942472
785.900525,326,7319.019201
1223.750255,486,7327.736166
343.680393,149,7330.384786
1247.407941,500,7343.188355
823.834875,323,7350.26779
1398.07171,500,7359.175076
1281.745932,500,7371.554105
1243.693971,500,7384.956861
1298.26315,500,7395.903633
1243.170907,500,7406.038687
1278.848293,500,7419.297359
1290.708513,500,7429.506652
814.084056,294,7435.594489
1251.043236,409,7443.15864
1355.792403,500,7455.941561
1387.791998,500,7467.394336
1287.264236,500,7478.307561
1365.897685,500,7491.294133
1134.56096,364,7498.326764
818.301483,286,7504.224609
1214.389332,394,7512.140508
1389.581594,500,7525.008065
1362.935752,500,7534.763609
1314.923409,500,7544.781306
1328.165903,417,7552.335041
1032.186474,356,7562.221403
1106.147364,353,7568.587618
1121.373522,359,7575.196336
1221.495351,371,7581.70316
1310.367966,406,7593.157109
913.261809,285,7598.88075
1566.793503,485,7608.491827
1456.592407,500,7618.22238
1559.546111,500,7630.931182
1051.029962,339,7636.979802
1256.063214,365,7644.17288
1500.471804,500,7653.550191
640.361284,231,7657.768316
828.187218,252,7665.818088
1198.562241,367,7672.446399
807.151381,248,7680.361645
865.571472,273,7686.584712
1600.311869,500,7699.75682
1154.633467,343,7706.852456
737.406748,259,7713.245683
1467.291642,500,7723.722124
1018.705756,299,7729.45959
861.563014,259,7738.668854
895.042516,263,7743.531046
1509.677999,500,7752.69449
861.149175,265,7757.767383
862.180501,253,7763.282986
1471.10077,500,7779.186791
1509.737754,500,7793.129446
1176.568698,397,7810.423046
1511.927304,500,7822.558555
1422.561099,500,7833.949778
796.703024,244,7842.772467
1374.795085,500,7853.849007
1361.05841,500,7864.475121
1093.564575,335,7870.472787
1501.359577,499,7882.452233
731.149876,258,7887.634818
1439.631827,500,7896.398814
1345.094686,500,7905.32828
907.131563,348,7914.789746
366.934674,156,7917.426685
831.41171,251,7922.150331
770.36524,285,7927.058562
1358.21914,500,7935.953646
51.043129,30,7936.568925
263.315486,131,7939.153121
1318.033716,500,7951.349085
1336.835803,500,7959.941142
1346.266192,500,7968.508827
1356.557318,500,7977.272219
1283.579387,500,7989.267171
1426.233256,500,7998.027761
1411.142789,500,8006.602507
1327.503538,500,8018.703616
1523.631412,500,8027.463504
1286.06554,500,8036.276644
1272.761893,500,8044.977793
1264.443877,500,8056.975986
1295.566881,500,8065.803862
1470.945226,500,8074.793187
765.358502,275,8079.619911
1294.089659,500,8091.727087
1349.273317,500,8100.468846
1370.695936,500,8109.047028
1345.525652,500,8117.805244
1407.726086,500,8129.933154
367.360421,156,8132.963013
1403.371819,500,8141.568163
1378.540029,500,8150.245062
1209.586973,435,8161.187063
1418.566646,500,8169.767301
1356.032411,500,8178.463111
1378.332449,500,8187.019421
1411.911488,500,8198.992574
1015.361694,358,8205.204798
1409.842094,473,8213.292083
915.499528,327,8219.044887
1058.679723,342,8224.933392
1513.37448,500,8237.466249
1417.609906,469,8245.594786
768.11721,290,8250.770222
1373.290889,500,8259.295909
1405.597222,500,8271.341413
1400.185827,500,8281.064587
1454.480569,449,8288.749745
615.270415,231,8292.741271
1046.436835,339,8298.633821
691.165054,246,8307.010841
1303.563083,500,8317.505498
1122.761651,399,8325.667157
866.132206,260,8330.957819
1310.078146,407,8342.755754
1351.552651,500,8352.90263
1396.312287,500,8363.189022
1086.467967,376,8370.78698
869.42547,287,8380.283987
1315.717867,500,8390.639518
650.752407,237,8395.192653
1449.845447,500,8403.716777
1353.984429,500,8415.911328
1530.016441,500,8424.548337
1320.141589,470,8432.576824
1314.669678,500,8441.24824
1384.505967,500,8453.302663
1297.086946,443,8460.914799
1068.376016,375,8467.438505
1522.927423,495,8475.918139
1487.821795,500,8488.19819
1083.717403,345,8494.106767
1210.716286,462,8502.034911
837.146779,307,8507.372225
1023.626019,367,8513.67662
1021.770584,344,8523.104559
1442.909818,500,8531.820745
1428.261634,500,8540.310585
1483.044923,500,8549.018218
1492.843409,500,8561.299329
1471.310573,500,8569.791975
1075.39725,362,8576.151313
801.933688,277,8580.853696
1437.563427,500,8593.387777
643.570482,243,8597.707258
1378.264547,470,8605.677375
1483.503369,500,8614.692686
1451.254655,500,8626.841951
1100.671718,385,8633.557749
1408.173382,500,8642.096542
1161.091762,398,8648.904861
778.611581,258,8653.291985
873.843387,313,8662.35847
1395.527563,500,8671.218829
1433.339364,500,8680.053164
1375.816385,500,8689.458389
1369.424165,500,8702.697251
1482.087863,500,8713.138033
738.56631,257,8719.989971
703.773529,247,8726.83586
1405.966665,500,8744.500831
1391.206321,500,8757.537492
1465.077846,500,8773.592395
1165.142922,396,8783.619536
1445.393684,500,8796.069749
1462.228398,500,8809.927016
1351.072636,477,8818.336277
1319.961821,461,8826.292984
1458.073873,500,8835.021359
1465.318817,500,8847.234724
1455.357834,500,8855.959584
1464.131015,500,8865.659951
1532.89569,500,8881.208513
1397.551634,500,8894.945379
809.003012,298,8903.606015
1453.752111,500,8922.254964
845.734685,308,8932.82886
1457.61961,500,8949.309224
1429.872308,500,8959.391998
1464.881581,500,8972.4379
1537.57911,500,8998.151618
1365.48599,449,9012.932162
1541.322858,500,9030.35707
1468.505025,500,9043.388183
1472.303457,500,9058.451313
1477.164909,500,9070.206233
1462.198389,500,9082.316794
1472.320485,500,9097.62744
1396.985296,500,9110.90247
1475.965172,500,9125.705121
1425.725353,500,9140.912649
1529.041621,500,9150.594152
1505.362279,500,9163.870617
865.821844,258,9170.465718
972.817337,289,9177.932616
1077.951691,310,9185.028351
1497.968774,500,9197.500271
1146.066363,330,9203.247162
1522.684248,500,9212.23483
856.995185,253,9216.617459
1523.543285,500,9225.663345
1010.76452,297,9234.357384
1570.521877,500,9243.152176
1037.147574,307,9248.671723
664.963411,203,9252.186711
920.395551,273,9256.873085
962.963549,282,9261.898133
1103.899488,320,9270.966224
688.517404,208,9274.589602
991.572445,291,9279.904866
980.215729,286,9285.058405
961.398148,285,9289.978492
1222.101568,343,9296.082994
1042.574744,302,9304.879374
1246.048301,364,9311.192243
905.927613,260,9315.735529
1527.037336,500,9324.545773
1113.232224,319,9330.000151
1355.463434,387,9340.241572
1459.335257,500,9349.348281
1527.49087,500,9358.162498
974.071858,285,9363.316117
1543.916339,500,9375.479414
1549.034308,500,9384.291062
1250.798575,356,9390.524197
1503.588251,500,9399.521272
1549.109269,500,9411.606264
1206.333076,341,9417.63169
1153.823638,340,9423.552277
1522.322232,500,9432.573527
1483.678891,500,9441.164738
1556.971574,500,9453.563612
1511.489346,500,9462.513302
1465.101982,500,9471.310699
1484.698863,500,9483.442705
1200.512264,348,9489.736603
1466.963912,500,9498.368353
1519.467853,500,9507.155544
1120.640433,321,9516.297537
1523.291926,500,9525.455719
1016.048528,296,9530.58204
845.470959,246,9534.805206
1562.675168,500,9543.78371
1508.358787,500,9555.933682
1494.128062,500,9564.605119
1478.329012,500,9573.409023
977.041618,286,9578.263304
1486.146486,500,9590.489779
1503.543938,500,9599.203705
1477.864326,500,9607.876955
1492.703723,500,9616.633645
1209.276571,350,9626.140065
1481.859298,500,9634.99641
1500.925369,500,9643.868889
1493.456576,500,9652.590582
1500.576483,500,9664.789293
1505.279887,500,9673.58527
1522.363084,500,9682.253982
1490.218833,500,9690.944347
1473.949088,500,9703.295108
1555.955649,490,9711.853748
1520.729869,500,9720.635532
1514.266845,500,9732.853431
1494.583845,500,9741.495125
1524.599861,500,9750.346958
1478.355428,500,9758.959674
1499.628114,500,9771.257896
1501.50291,500,9779.912887
1555.268297,500,9788.774379
1513.854332,500,9797.43715
1515.166816,500,9809.544568
1280.504305,370,9816.02345
1437.33855,500,9824.753198
1500.972458,500,9833.52249
1612.573931,500,9845.658337
1469.562879,500,9854.394418
1510.796231,500,9862.932541
1539.507252,500,9875.2878
1527.086839,500,9883.999612
1560.929078,500,9892.542635
1532.08938,500,9901.266351
1551.320563,500,9913.552305
1507.10245,500,9922.329106
1465.088035,500,9931.054069
1522.33362,500,9939.690931
1529.417339,497,9951.938572
930.232216,273,12027.851769
1197.728087,355,12056.249292
957.621562,282,12058.762273
1106.324675,327,12061.864116
934.613917,276,12064.463379
992.668814,287,12067.135557
1195.835666,350,12070.35079
927.490555,273,12072.879039
1004.909987,290,12075.616548
1010.336245,290,12078.325557
1391.133542,400,12083.677821
1169.92647,345,12085.37447
1340.665891,385,12088.822965
1024.313133,295,12091.471033
1381.280393,394,12095.102399
1115.800176,332,12098.160402
1152.763987,326,12101.183785
1000.587693,304,12104.053131
1143.429521,324,12107.01967
1331.16149,380,12110.556257
1118.405116,329,12113.549829
923.232913,273,12119.158546
1042.356717,300,12119.988418
1166.35408,347,12122.08995
906.464769,267,12124.538273
1034.639749,296,12127.245105
1039.571407,301,12129.895462
927.777298,275,12132.509029
1140.869944,324,12135.480441
1106.977902,327,12138.385037
1182.79095,347,12141.548084
1078.40326,308,12144.337954
1115.775238,327,12147.359423
932.931275,276,12149.874055
1171.030949,345,12155.206002
1110.533068,332,12156.326359
1011.004456,293,12158.586762
1013.969269,295,12161.323022
1318.076607,378,12164.737985
951.749685,281,12167.300748
930.252854,276,12169.776339
933.82052,275,12172.342968
1244.992163,359,12175.579856
1025.301267,295,12178.293518
1108.630306,322,12181.139842
1009.905174,291,12183.788626
942.667715,277,12186.353316
1126.251088,320,12191.115725
970.062811,281,12192.132116
924.862929,272,12194.281912
1137.524781,337,12197.362875
1026.716475,294,12200.090119
1096.310542,325,12202.985942
1001.573292,290,12205.556506
1130.782722,324,12208.589739
1114.244713,317,12211.460109
1091.493304,328,12214.515458
1322.595649,383,12218.016601
1535.468742,442,12222.094952
1299.440933,372,12226.958475
1188.422109,352,12228.739197
975.65415,286,12231.190554
1171.803374,346,12234.307358
1039.672251,297,12237.079134
945.185544,280,12239.62687
1372.377905,395,12243.23541
1141.980939,323,12246.073252
1331.148969,384,12249.56345
920.983532,271,12252.060468
1046.512156,302,12254.848838
952.702768,280,12257.396224
1170.401405,330,12262.498828
988.522939,287,12263.466128
1412.663899,410,12266.656115
1417.55973,414,12270.417681
925.870646,274,12272.959028
1197.326812,354,12276.161975
1472.765792,428,12280.04114
928.933886,274,12282.546274
947.0232,279,12285.037774
1084.026537,310,12287.889247
928.583395,273,12290.420902
1137.899601,335,12293.4274
1150.396456,326,12298.360925
924.600194,273,12299.29514
1163.619449,344,12301.971322
1268.395577,364,12305.306067
1145.748999,325,12308.296005
974.830109,284,12310.774633
1404.512003,410,12314.545997
1086.558359,325,12317.470269
1388.473716,397,12321.084538
1098.984942,329,12324.097801
982.283842,286,12326.715783
1439.379223,415,12333.67234
1174.042854,349,12334.602144
971.463305,283,12336.222402
956.402362,281,12338.708093
1168.154229,343,12341.867972
1231.342984,362,12345.154378
1542.221459,500,12345.570909
1541.023044,500,12345.896946
1538.033465,500,12346.228302
1540.380674,500,12346.572873
1542.287707,500,12346.931769
1540.609793,500,12347.299072
1538.879688,500,12347.737741
1541.936376,500,12348.135909
1540.714309,500,12348.498963
1540.617083,500,12348.858221
1539.045474,500,12349.239942
1540.631167,500,12349.557675
1540.934175,500,12349.888151
1541.682239,500,12350.237825
1540.084228,500,12350.579431
1540.784497,500,12350.948081
1541.863092,500,12351.405315
1542.057836,500,12351.804512
1539.572039,500,12352.163491
1540.546774,500,12352.522779
1539.658633,500,12352.860123
1540.511903,500,12353.174183
1538.732111,500,12353.630496
1537.141978,500,12354.01802
1543.790315,500,12354.375609
1539.280427,500,12354.799059
1538.584855,500,12355.209529
1539.677454,500,12355.594769
1539.99064,500,12355.956
1539.335508,500,12356.327621
1540.946646,500,12356.644757
1540.639371,500,12356.957348
1540.379447,500,12357.316582
1541.851266,500,12357.674345
1538.795546,500,12358.025478
1540.693429,500,12358.429304
1542.588242,500,12358.845363
1542.19398,500,12359.222144
1541.843612,500,12359.603849
1540.687804,500,12359.956383
1540.776497,500,12360.321357
1539.907926,500,12360.64799
1538.732719,500,12360.985129
1540.832489,500,12361.333135
1542.287991,500,12361.694026
1541.210809,500,12362.136786
1541.403078,500,12362.534034
1541.180064,500,12362.918391
1543.379114,500,12363.28307
1540.547273,500,12363.648425
1540.268368,500,12363.958369
1538.244414,500,12364.284057
1540.163366,500,12364.629305
1537.208932,500,12365.005872
1538.271572,500,12365.357796
1541.255511,500,12369.305835
1542.393755,500,12369.703068
1539.708494,500,12370.068013
1538.173916,500,12370.429047
1539.770916,500,12370.798656
1542.488137,500,12371.124675
1540.100723,500,12371.445196
1539.900402,500,12371.800071
1542.487224,500,12372.145766
1539.6522,500,12372.503149
1541.590959,500,12372.957385
1542.850512,500,12373.360028
1541.248768,500,12373.730576
1540.911998,500,12374.100725
1537.090502,500,12374.476038
1541.546154,500,12374.794755
1543.588854,500,12375.132447
1539.805833,500,12375.514041
1536.588072,500,12375.873689
1539.675793,500,12376.272111
1542.794632,500,12376.674664
1538.271352,500,12377.058801
1541.606926,500,12377.425866
1539.720084,500,12377.846727
1540.172419,500,12378.19219
1540.855177,500,12378.519388
1539.758127,500,12378.879988
1540.164194,500,12379.235339
1540.208583,500,12379.605276
1538.110143,500,12380.036804
1543.242155,500,12380.447892
1536.343452,500,12380.819613
1539.750722,500,12381.181246
1540.704083,500,12381.563168
1538.834148,500,12381.908354
1539.530318,500,12382.219506
1537.411242,500,12382.623945
1540.423388,500,12383.065796
1536.680337,500,12383.497042
1539.967037,500,12383.934874
1539.125208,500,12384.365006
1542.084501,500,12384.756501
1538.207994,500,12385.109698
1540.353993,500,12385.444319
1540.938358,500,12385.760096
